"longitude","latitude","abd_ppy"
-119.4201076,48.63340265,-1.67001151282593
-119.9396724,48.39359629,-1.22519530992862
-120.0969963,48.15378993,-4
-119.7375387,48.15378993,-4
-119.3780812,48.15378993,-4
-119.0186236,48.15378993,-3.8735028722151
-120.6127391,47.91398357,0.232254616633008
-120.2549505,47.91398357,-4
-119.897162,47.91398357,-4
-119.5393734,47.91398357,-4
-119.1815849,47.91398357,-4
-118.8237963,47.91398357,-4
-120.4135444,47.67417721,-4
-120.0574032,47.67417721,-4
-119.701262,47.67417721,-4
-119.3451208,47.67417721,-4
-118.9889796,47.67417721,-2.87841316471902
-118.6328384,47.67417721,-0.0232141405516608
-118.2766972,47.67417721,-2.23848305408852
-120.5727869,47.43437084,-1.49054525454513
-120.2182718,47.43437084,-4
-119.8637567,47.43437084,-4
-119.5092416,47.43437084,-2.32570309793571
-119.1547265,47.43437084,-4
-118.8002114,47.43437084,-2.43104351212111
-118.4456963,47.43437084,1.05522840298976
-118.0911812,47.43437084,1.27610329056722
-120.7326873,47.19456448,-2.56077369474077
-120.3797774,47.19456448,-1.91290322943081
-120.0268674,47.19456448,-4
-119.6739574,47.19456448,-4
-119.3210474,47.19456448,-4
-118.9681375,47.19456448,-0.353974213739285
-118.2623175,47.19456448,-0.0182535979533003
-117.9094076,47.19456448,-2.89930540247309
-120.8932545,46.95475812,0.146910439368695
-120.5419291,46.95475812,-4
-120.1906036,46.95475812,-4
-119.8392782,46.95475812,-4
-119.4879528,46.95475812,-4
-119.1366274,46.95475812,-3.72874013895111
-118.4339765,46.95475812,-2.89023699923394
-118.0826511,46.95475812,-1.13433153611564
-117.7313257,46.95475812,-2.05177906952394
-121.0544973,46.71495176,-0.385131197391336
-120.7047362,46.71495176,-4
-120.354975,46.71495176,-4
-120.0052139,46.71495176,-4
-119.6554528,46.71495176,-4
-119.3056916,46.71495176,-4
-118.6061693,46.71495176,-4
-118.2564082,46.71495176,-4
-117.9066471,46.71495176,-4
-121.2164246,46.4751454,-0.380993278939717
-120.8682078,46.4751454,-2.90306838010713
-120.519991,46.4751454,-4
-120.1717743,46.4751454,-3.7019957318295
-119.8235575,46.4751454,-4
-119.4753407,46.4751454,-4
-119.1271239,46.4751454,-4
-118.7789071,46.4751454,-4
-118.4306903,46.4751454,-4
-118.0824735,46.4751454,-4
-117.7342567,46.4751454,-4
-121.0323532,46.23533904,0.00286344209065859
-120.6856611,46.23533904,-2.61332109627107
-120.338969,46.23533904,-4
-119.9922769,46.23533904,-4
-119.6455848,46.23533904,-1.51520659841578
-119.2988928,46.23533904,-4
-120.8519944,45.99553268,1.69013086693296
-120.5068077,45.99553268,-3.11371227618822
-120.1616211,45.99553268,-1.52600534076676
-119.8164344,45.99553268,-4
-119.4712477,45.99553268,-3.73109085079948
-119.126061,45.99553268,-4
-121.0190003,45.75572631,-4
-120.6753,45.75572631,-4
-120.3315997,45.75572631,-4
-119.9878995,45.75572631,-4
-119.6441992,45.75572631,-4
-119.3004989,45.75572631,-4
-113.8012943,45.75572631,0.908293276241849
-113.457594,45.75572631,-0.523328168157758
-113.1138938,45.75572631,0.716729093282015
-112.7701935,45.75572631,0.413915968856786
-112.4264932,45.75572631,0.140141547704783
-121.1866879,45.51591995,-4
-120.5022227,45.51591995,-4
-120.1599901,45.51591995,-4
-119.8177575,45.51591995,-4
-119.1332922,45.51591995,-4
-118.7910596,45.51591995,-4
-113.6575705,45.51591995,-3.35455094795867
-113.3153379,45.51591995,-0.101729148732888
-112.9731053,45.51591995,0.768848066501905
-112.6308727,45.51591995,-0.818099773823671
-112.28864,45.51591995,-3.48187291677289
-111.9464074,45.51591995,0.674684831999757
-111.6041748,45.51591995,1.66640774919592
-108.8663139,45.51591995,-4
-121.0142829,45.27611359,-4
-120.3327162,45.27611359,-4
-119.9919328,45.27611359,-4
-119.6511495,45.27611359,-2.01807118805615
-119.3103661,45.27611359,-3.525019667157
-113.8578323,45.27611359,0.138588978507126
-113.517049,45.27611359,1.68206245252236
-113.1762656,45.27611359,-2.80857838608503
-112.8354823,45.27611359,-1.49471648072793
-112.4946989,45.27611359,-4
-112.1539155,45.27611359,-0.199976429235698
-111.8131322,45.27611359,-3.01975744960269
-109.0868653,45.27611359,-4
-108.7460819,45.27611359,-2.675337489892
-108.4052986,45.27611359,-0.911085441304291
-108.0645152,45.27611359,-2.01448736877814
-120.8454399,45.03630723,-4
-120.1667354,45.03630723,-1.59675642185284
-113.7190426,45.03630723,-1.80461623901342
-113.3796904,45.03630723,-1.18491928897215
-113.0403381,45.03630723,-3.98836257007586
-112.7009859,45.03630723,-0.185675475134675
-112.3616336,45.03630723,-1.68677981873257
-112.0222814,45.03630723,1.02771535888799
-111.6829291,45.03630723,0.0187149533662276
-111.3435769,45.03630723,1.65198557098018
-109.6468156,45.03630723,-3.14777858170057
-109.3074633,45.03630723,-0.391332055368305
-108.9681111,45.03630723,-1.95711142846385
-108.6287588,45.03630723,-2.02101162473179
-108.2894066,45.03630723,-3.12096497361484
-107.9500543,45.03630723,2.14424038271592
-114.2592731,44.79650087,-0.400750607452148
-113.5833951,44.79650087,-1.35804559395516
-113.2454561,44.79650087,-0.562010319860921
-112.9075171,44.79650087,-1.34603701561372
-112.5695781,44.79650087,-1.20991706795899
-112.2316391,44.79650087,1.05295803145632
-111.8937001,44.79650087,2.55406074963775
-111.555761,44.79650087,1.77542147461961
-111.217822,44.79650087,0.486694810732299
-110.879883,44.79650087,1.79044538947013
-109.190188,44.79650087,-0.854847010381079
-108.852249,44.79650087,-2.39469258217725
-108.51431,44.79650087,-3.18521181877919
-108.176371,44.79650087,-2.83720064561593
-107.8384319,44.79650087,1.00125452112752
-107.1625539,44.79650087,-0.568954017275424
-119.172089,44.55669451,-0.958710215732151
-118.1624589,44.55669451,0.673196251420898
-117.4893722,44.55669451,-4
-117.1528288,44.55669451,-0.9451461348534
-116.8162855,44.55669451,-3.90751142154399
-116.4797421,44.55669451,-1.97642239140787
-114.4604819,44.55669451,-0.733754671341805
-114.1239386,44.55669451,-0.776392696038435
-113.7873952,44.55669451,-1.3658436561989
-113.4508519,44.55669451,-0.105142256616419
-113.1143085,44.55669451,-0.0196783025909018
-112.7777651,44.55669451,0.236398009788794
-112.4412218,44.55669451,-1.44223113832258
-112.1046784,44.55669451,-0.53891508075753
-111.7681351,44.55669451,-0.591857501817811
-111.4315917,44.55669451,1.81171983886926
-111.0950483,44.55669451,-0.670930512951025
-110.758505,44.55669451,-1.4841837761965
-110.4219616,44.55669451,-1.5261967067753
-109.7488749,44.55669451,-3.10853778406182
-109.4123315,44.55669451,-1.73023885947551
-109.0757882,44.55669451,-0.788962963598005
-108.7392448,44.55669451,-0.1058193659025
-108.4027015,44.55669451,-1.59246105948235
-108.0661581,44.55669451,-1.23541679975019
-107.7296148,44.55669451,-1.62582729730418
-107.3930714,44.55669451,1.56909397441446
-122.0356668,44.31688815,-0.841450773005142
-121.3653367,44.31688815,-1.60790042238591
-120.3598416,44.31688815,-1.08959530983556
-120.0246766,44.31688815,-0.154141364484962
-119.6895115,44.31688815,-0.750571679111323
-118.0136864,44.31688815,-0.608007830857952
-117.6785213,44.31688815,-3.18726254796643
-117.3433563,44.31688815,-4
-116.6730262,44.31688815,-4
-116.3378612,44.31688815,-2.36398810207014
-113.9917059,44.31688815,-0.241357729176336
-113.6565409,44.31688815,0.427959281304543
-113.3213758,44.31688815,0.078319772665874
-112.9862108,44.31688815,0.851046141260595
-112.6510458,44.31688815,1.53669789580531
-112.3158807,44.31688815,0.352881291461238
-111.9807157,44.31688815,-1.4479822176536
-111.6455507,44.31688815,-3.63861082687979
-111.3103856,44.31688815,-2.31851831282149
-110.9752206,44.31688815,0.72182279969778
-110.6400556,44.31688815,-0.88999514831691
-110.3048905,44.31688815,1.47758276536751
-109.6345604,44.31688815,-0.815135212199221
-109.2993954,44.31688815,2.38079367123453
-108.9642304,44.31688815,-2.19503998881189
-108.6290653,44.31688815,-1.52798318772196
-108.2939003,44.31688815,-3.3245847633842
-107.9587353,44.31688815,-2.63912723381808
-107.6235702,44.31688815,-1.95097191131952
-107.2884052,44.31688815,-0.155060963415022
-106.9532402,44.31688815,2.10684548544842
-121.5400254,44.07708178,2.25450666303691
-121.2062216,44.07708178,0.666559195438869
-120.8724179,44.07708178,-2.91582649492614
-120.5386141,44.07708178,-1.76468272415143
-120.2048103,44.07708178,-4
-118.8695952,44.07708178,-0.599942585583021
-118.2019876,44.07708178,0.889636985981082
-117.8681838,44.07708178,-3.47505083414424
-117.53438,44.07708178,-4
-117.2005763,44.07708178,-4
-116.8667725,44.07708178,-4
-116.5329687,44.07708178,-3.03536993967969
-116.1991649,44.07708178,2.99708010384798
-114.1963422,44.07708178,0.560537101988101
-113.8625384,44.07708178,-1.65687552796408
-113.5287347,44.07708178,0.941219635957316
-113.1949309,44.07708178,1.83467788764039
-112.8611271,44.07708178,1.02490709602323
-112.5273233,44.07708178,-1.99628919539666
-112.1935195,44.07708178,-2.95649908151125
-111.8597158,44.07708178,-2.70683615969187
-111.525912,44.07708178,-0.342456493071407
-111.1921082,44.07708178,-2.98245108302691
-109.8568931,44.07708178,-1.93241539838238
-109.1892855,44.07708178,1.71500368961195
-108.8554817,44.07708178,-1.25912374898755
-108.5216779,44.07708178,-0.580650386934744
-108.1878742,44.07708178,-1.22914500730293
-107.8540704,44.07708178,-1.04848356633283
-107.5202666,44.07708178,-2.58317115349162
-107.1864628,44.07708178,3.19549642993465
-106.852659,44.07708178,4
-121.0505057,43.83727542,-1.1551040585273
-120.7180464,43.83727542,-0.575715663985288
-120.3855871,43.83727542,-1.7253024192119
-120.0531277,43.83727542,-1.94073627099232
-119.7206684,43.83727542,-0.538156463383373
-119.388209,43.83727542,-0.778529141021694
-118.7232904,43.83727542,2.34471795118843
-118.390831,43.83727542,-3.43944252464417
-118.0583717,43.83727542,-2.66833263363494
-117.7259123,43.83727542,-1.55625787612957
-117.393453,43.83727542,-4
-116.396075,43.83727542,-0.742129549701913
-116.0636156,43.83727542,0.849101090432856
-114.0688596,43.83727542,1.47949004514709
-113.7364003,43.83727542,2.13076625150446
-113.4039409,43.83727542,-1.35245190837024
-113.0714816,43.83727542,0.210423869061807
-112.7390222,43.83727542,0.424735854922514
-112.4065629,43.83727542,-1.68862635740282
-112.0741036,43.83727542,-1.83538220334435
-111.7416442,43.83727542,0.0159809550095413
-111.4091849,43.83727542,-2.4453589063866
-111.0767255,43.83727542,-2.49738662666453
-110.7442662,43.83727542,1.04402915447034
-109.0819695,43.83727542,-1.29497845304822
-108.7495102,43.83727542,0.726577900991294
-108.4170508,43.83727542,-0.388576039336028
-108.0845915,43.83727542,-1.43300534344657
-107.7521322,43.83727542,1.11083558022104
-107.4196728,43.83727542,-2.66392741790393
-107.0872135,43.83727542,3.78815346496157
-106.7547541,43.83727542,1.47928024613929
-121.5604114,43.59746906,1.28202035423631
-121.22928,43.59746906,1.15265945635897
-120.8981485,43.59746906,2.42682026967926
-120.567017,43.59746906,0.899911475445555
-120.2358856,43.59746906,-0.714143315517237
-119.9047541,43.59746906,1.34013265717937
-119.5736226,43.59746906,-1.82307063638862
-119.2424912,43.59746906,-2.23544494262764
-118.5802283,43.59746906,-1.18298737870699
-118.2490968,43.59746906,-3.57934442353199
-117.9179653,43.59746906,-2.57832812878231
-117.5868339,43.59746906,1.29334525391794
-117.2557024,43.59746906,-2.50185046099578
-116.924571,43.59746906,-4
-115.9311766,43.59746906,-2.02617919169601
-114.2755193,43.59746906,-0.395760738728543
-113.6132563,43.59746906,-0.119649781468621
-113.2821249,43.59746906,-1.95474291370364
-112.9509934,43.59746906,-1.82735703253516
-112.619862,43.59746906,-0.724720128716804
-112.2887305,43.59746906,-2.03078678149812
-111.957599,43.59746906,-3.2154635815591
-110.9642047,43.59746906,2.38517333556674
-110.6330732,43.59746906,2.22542298687525
-110.3019417,43.59746906,2.69315258799717
-109.6396788,43.59746906,-0.76321656614649
-109.3085473,43.59746906,-2.7503139305014
-108.9774159,43.59746906,-2.73363144652378
-108.6462844,43.59746906,0.17869651591979
-108.315153,43.59746906,0.71443379969005
-107.9840215,43.59746906,-1.76673221286356
-107.65289,43.59746906,-1.37227513894183
-107.3217586,43.59746906,0.803439251425469
-106.9906271,43.59746906,2.5001297260583
-106.6594957,43.59746906,-1.40904577721116
-121.4087501,43.3576627,0.47633450395188
-121.0789302,43.3576627,-3.46492319762291
-120.7491103,43.3576627,-1.05890929757501
-120.4192904,43.3576627,-0.234053238938693
-120.0894705,43.3576627,0.900483746792706
-119.7596506,43.3576627,1.41211528354021
-119.4298307,43.3576627,-0.241280882745101
-119.1000108,43.3576627,-1.82153814712861
-118.440371,43.3576627,-2.0105837494997
-118.1105511,43.3576627,-1.98011225271396
-117.7807312,43.3576627,-1.68668927769713
-117.4509113,43.3576627,-0.338234078426265
-117.1210914,43.3576627,-2.43572650678446
-116.7912715,43.3576627,-0.269477197739096
-116.4614516,43.3576627,-1.17671542071039
-116.1316317,43.3576627,4
-115.8018117,43.3576627,-3.35960458121398
-115.4719918,43.3576627,-3.72015613490205
-115.1421719,43.3576627,-3.84195168272903
-114.812352,43.3576627,-3.86907900503773
-114.4825321,43.3576627,-2.38968253016331
-114.1527122,43.3576627,-3.26850024344684
-113.8228923,43.3576627,-2.44243483536587
-113.4930724,43.3576627,-1.29428692098294
-113.1632525,43.3576627,2.09276769314749
-112.8334326,43.3576627,-0.0607575589281
-112.5036127,43.3576627,0.166081021307667
-112.1737928,43.3576627,-3.04087528864418
-111.8439729,43.3576627,-1.53711671050308
-111.514153,43.3576627,0.150285373844913
-111.1843331,43.3576627,0.0382642722494233
-109.8650535,43.3576627,0.806835621949991
-109.5352336,43.3576627,1.15830347007827
-109.2054137,43.3576627,-0.0178307971091378
-108.8755938,43.3576627,-0.124309211720715
-108.5457739,43.3576627,-1.95711318792777
-108.215954,43.3576627,-2.26339847747992
-107.8861341,43.3576627,0.244232113729658
-107.5563142,43.3576627,-1.28844366217789
-107.2264943,43.3576627,-0.985804057449143
-106.8966744,43.3576627,0.703377689662175
-106.5668545,43.3576627,-0.64545038398124
-121.2604013,43.11785634,3.36078203709271
-120.9318768,43.11785634,0.440462005182546
-120.6033524,43.11785634,-0.537271317125767
-120.274828,43.11785634,-0.29270303452535
-119.9463036,43.11785634,0.879873603501288
-119.6177791,43.11785634,-0.108462240002367
-119.2892547,43.11785634,0.33814467204688
-118.9607303,43.11785634,-1.66371309322846
-118.6322059,43.11785634,-2.8661432149085
-118.3036814,43.11785634,-1.11416668485072
-117.975157,43.11785634,-2.8824283176576
-117.6466326,43.11785634,-2.19821067968886
-117.3181082,43.11785634,-3.01682089336985
-116.9895837,43.11785634,-1.8769187175585
-116.6610593,43.11785634,-0.525578508947196
-116.3325349,43.11785634,-0.384417870103461
-116.0040105,43.11785634,0.610841670105817
-115.675486,43.11785634,0.92031151449789
-115.3469616,43.11785634,-1.79505528072787
-115.0184372,43.11785634,-3.20135934370821
-114.6899128,43.11785634,-0.764712898486985
-114.3613883,43.11785634,1.29290870789631
-114.0328639,43.11785634,3.21809393241425
-113.7043395,43.11785634,4
-113.3758151,43.11785634,2.50645455382273
-113.0472906,43.11785634,0.999440050891412
-112.7187662,43.11785634,2.0415101841851
-112.3902418,43.11785634,-3.01604942069434
-112.0617174,43.11785634,-1.53756442131765
-111.7331929,43.11785634,-0.793256032474325
-111.4046685,43.11785634,2.59755454267978
-110.4190952,43.11785634,3.92354134889991
-110.0905708,43.11785634,2.22786518772589
-109.1049975,43.11785634,1.84216111879451
-108.7764731,43.11785634,0.568636217016723
-108.4479487,43.11785634,-2.42754434031332
-108.1194242,43.11785634,0.142025671383415
-107.7908998,43.11785634,2.22448246179002
-107.4623754,43.11785634,1.36277900776636
-107.133851,43.11785634,2.36500522661251
-106.8053265,43.11785634,1.411642162404
-106.4768021,43.11785634,3.93705103743686
-106.1482777,43.11785634,3.92059824386141
-120.7880818,42.87804998,-0.975966208947805
-120.460837,42.87804998,-0.673558164126498
-120.1335922,42.87804998,0.363446191556054
-119.8063474,42.87804998,-0.489521429655595
-119.4791026,42.87804998,-0.29145154396475
-119.1518578,42.87804998,-0.545424640302121
-118.824613,42.87804998,-2.6592327443655
-118.4973683,42.87804998,-1.14278103903459
-118.1701235,42.87804998,0.133220239876205
-117.8428787,42.87804998,-0.0858019534577745
-117.5156339,42.87804998,-3.59802418657001
-117.1883891,42.87804998,-4
-116.8611443,42.87804998,-2.60923960644557
-116.5338995,42.87804998,1.34700490339627
-116.2066547,42.87804998,1.20994334796699
-115.8794099,42.87804998,-2.89848678000705
-115.5521651,42.87804998,-4
-115.2249203,42.87804998,-3.99276949591253
-114.8976755,42.87804998,-1.52931445187581
-114.5704307,42.87804998,2.67023875808113
-114.2431859,42.87804998,2.99257908836639
-113.9159411,42.87804998,3.24367829083282
-113.5886963,42.87804998,4
-113.2614515,42.87804998,2.91546687106144
-112.9342067,42.87804998,-3.03603460996008
-112.6069619,42.87804998,-4
-112.2797171,42.87804998,-0.214123774486082
-111.9524723,42.87804998,1.07193253732959
-111.6252275,42.87804998,-2.41774844164229
-110.6434932,42.87804998,1.67796975713046
-110.3162484,42.87804998,3.37340752375502
-109.9890036,42.87804998,4
-109.6617588,42.87804998,1.31772654129708
-108.6800244,42.87804998,0.861689490167723
-108.3527796,42.87804998,-0.41222110622132
-108.0255348,42.87804998,1.91458556465147
-107.69829,42.87804998,0.00414194913503496
-107.3710452,42.87804998,0.793045273894148
-107.0438004,42.87804998,2.02766723868241
-106.7165556,42.87804998,2.07211546181054
-106.3893108,42.87804998,1.64042713415144
-106.062066,42.87804998,2.11687871393136
-120.6475079,42.63824362,-0.317045474091883
-120.3215271,42.63824362,-2.41596824114462
-119.9955463,42.63824362,-0.925740957879519
-119.6695655,42.63824362,-0.231657519659111
-119.3435848,42.63824362,-0.154591011934098
-119.017604,42.63824362,-2.48603709322944
-118.6916232,42.63824362,-0.748561098720618
-118.3656424,42.63824362,0.319493685049954
-118.0396616,42.63824362,-1.72807437872919
-117.7136808,42.63824362,0.234625495732135
-117.3877001,42.63824362,-2.24794543828591
-117.0617193,42.63824362,-1.36971731570859
-116.7357385,42.63824362,0.254882064002183
-116.4097577,42.63824362,-1.95971632475583
-116.0837769,42.63824362,-0.131913729110312
-115.7577961,42.63824362,-3.95326004822909
-115.4318154,42.63824362,3.71236041638517
-115.1058346,42.63824362,-2.51574751571118
-114.7798538,42.63824362,-2.09180264335088
-113.8019114,42.63824362,-0.586762880102069
-113.4759307,42.63824362,-1.15435043476711
-113.1499499,42.63824362,-3.74676763655068
-112.8239691,42.63824362,-2.73737554268375
-112.4979883,42.63824362,0.871228745254083
-112.1720075,42.63824362,1.99804699142205
-111.8460267,42.63824362,-1.51382272052479
-111.520046,42.63824362,-1.48102879847427
-111.1940652,42.63824362,1.47594041029076
-110.5421036,42.63824362,2.53109284578428
-110.2161228,42.63824362,3.89798638842422
-109.890142,42.63824362,0.417062006535399
-109.5641613,42.63824362,4
-109.2381805,42.63824362,0.676690462463663
-108.5862189,42.63824362,1.89601742570278
-108.2602381,42.63824362,-0.733055014729911
-107.9342573,42.63824362,-0.106785644781434
-107.6082766,42.63824362,-1.65496712318598
-107.2822958,42.63824362,-1.09813540252347
-106.956315,42.63824362,-1.41348898099617
-106.6303342,42.63824362,-0.787400207429743
-106.3043534,42.63824362,3.78628855613241
-120.5101187,42.39843726,0.157727201145644
-120.1853865,42.39843726,-0.60894921840805
-119.8606543,42.39843726,-0.842286961521168
-119.5359222,42.39843726,-0.317522264899848
-119.21119,42.39843726,-0.119583943194787
-118.8864579,42.39843726,-1.38427008010137
-118.5617257,42.39843726,-0.822344590442499
-118.2369935,42.39843726,-1.55130863296613
-117.9122614,42.39843726,-0.0589452732239764
-117.5875292,42.39843726,-0.191254693959917
-117.262797,42.39843726,0.0942697122359135
-116.9380649,42.39843726,-1.81864853899185
-116.6133327,42.39843726,-2.66693971206509
-116.2886005,42.39843726,-3.16284309257655
-115.9638684,42.39843726,-3.22810063369728
-115.6391362,42.39843726,-3.67605125530477
-115.314404,42.39843726,2.7601273606462
-114.9896719,42.39843726,4
-114.6649397,42.39843726,-1.44125139964375
-114.3402075,42.39843726,-4
-114.0154754,42.39843726,-2.12273175332159
-113.6907432,42.39843726,-4
-113.366011,42.39843726,-3.73880181427734
-113.0412789,42.39843726,0.641273847358865
-112.7165467,42.39843726,2.50547885061904
-112.3918146,42.39843726,2.00103352085699
-112.0670824,42.39843726,-1.43214195708344
-111.7423502,42.39843726,1.58470859313556
-111.4176181,42.39843726,-0.543869466176722
-110.4434216,42.39843726,2.38331302309121
-110.1186894,42.39843726,-0.383160513138942
-109.7939572,42.39843726,-0.169848086432444
-109.4692251,42.39843726,0.031726815439846
-109.1444929,42.39843726,2.28085358621106
-108.8197607,42.39843726,0.900134570815502
-108.4950286,42.39843726,1.79054718623264
-108.1702964,42.39843726,2.72930994762828
-107.8455642,42.39843726,-1.3315849660196
-107.5208321,42.39843726,-0.00101149265152656
-107.1960999,42.39843726,-0.538095868318407
-106.8713678,42.39843726,-2.71603334794474
-106.5466356,42.39843726,-0.328170397804698
-106.2219034,42.39843726,0.818020908968567
-105.8971713,42.39843726,4
-121.3463748,42.15863089,-2.57329838839192
-120.6993773,42.15863089,-1.73249969954902
-120.3758786,42.15863089,-1.9104211832845
-120.0523799,42.15863089,-0.764497121841126
-119.7288812,42.15863089,-2.27365579897136
-119.4053824,42.15863089,0.467563533314577
-119.0818837,42.15863089,0.241176849730292
-118.758385,42.15863089,-0.305239140697671
-118.4348863,42.15863089,-1.30879333575731
-118.1113875,42.15863089,-1.34678917730137
-117.7878888,42.15863089,0.444736685714653
-117.4643901,42.15863089,-0.474410283400802
-117.1408914,42.15863089,-1.56040251602034
-116.8173927,42.15863089,-1.91795419479862
-116.4938939,42.15863089,-1.62394787069614
-116.1703952,42.15863089,-2.72584289456631
-115.8468965,42.15863089,-3.8110080649904
-115.5233978,42.15863089,-1.81291641203382
-115.1998991,42.15863089,-1.59052090750613
-114.8764003,42.15863089,-3.27957124820681
-114.5529016,42.15863089,-2.82285333010767
-114.2294029,42.15863089,1.84760788443371
-113.9059042,42.15863089,0.933543855691141
-113.5824055,42.15863089,-0.0697262640006064
-113.2589067,42.15863089,-1.67581402854005
-112.935408,42.15863089,-0.843364753201185
-112.6119093,42.15863089,0.0493912176609639
-112.2884106,42.15863089,-1.36602565152475
-111.9649119,42.15863089,-2.28786712784161
-111.6414131,42.15863089,1.29076771037222
-111.3179144,42.15863089,-0.641862224824476
-110.9944157,42.15863089,-0.159947958998182
-110.670917,42.15863089,2.49804685245924
-110.3474183,42.15863089,-0.152321036122529
-110.0239195,42.15863089,0.539649187671432
-109.7004208,42.15863089,0.393929995850865
-109.3769221,42.15863089,-1.55442978543675
-109.0534234,42.15863089,-0.656142422469417
-108.7299247,42.15863089,-0.913963495141445
-108.4064259,42.15863089,-0.691284346627331
-108.0829272,42.15863089,0.877674867901507
-107.7594285,42.15863089,4
-107.4359298,42.15863089,-1.13810618418831
-107.112431,42.15863089,-0.719389626072361
-106.7889323,42.15863089,0.431612407541757
-106.4654336,42.15863089,1.10727343913772
-106.1419349,42.15863089,0.371469155418401
-105.8184362,42.15863089,4
-121.5338738,41.91882453,-4
-121.2115936,41.91882453,-4
-120.8893133,41.91882453,2.73058905595093
-120.5670331,41.91882453,-1.6741635989357
-120.2447529,41.91882453,-3.07211229206324
-119.9224726,41.91882453,-1.13280492411399
-119.6001924,41.91882453,-0.0706865130423651
-119.2779122,41.91882453,-0.105297696898285
-118.9556319,41.91882453,-0.555428869334349
-118.6333517,41.91882453,-0.555640076667228
-118.3110715,41.91882453,-0.362283880119027
-117.9887912,41.91882453,2.28826531782352
-117.666511,41.91882453,0.0211208824949549
-117.3442307,41.91882453,-0.524441626759012
-117.0219505,41.91882453,-0.313713747183258
-116.6996703,41.91882453,-1.08469074793204
-116.37739,41.91882453,-4
-116.0551098,41.91882453,0.479839181733556
-115.7328296,41.91882453,1.25668929206338
-115.4105493,41.91882453,0.111440526040801
-115.0882691,41.91882453,0.157794792598183
-114.7659889,41.91882453,-1.22836579004135
-114.4437086,41.91882453,-1.56784992436901
-114.1214284,41.91882453,-1.14574251329055
-113.7991482,41.91882453,1.65861740201081
-113.4768679,41.91882453,-0.284930978079986
-113.1545877,41.91882453,-0.0678724989299215
-112.8323075,41.91882453,-1.6307078808002
-112.5100272,41.91882453,-1.01778842064751
-112.187747,41.91882453,-1.3533877293403
-111.8654667,41.91882453,-0.0753685901477068
-111.5431865,41.91882453,1.37588874249863
-111.2209063,41.91882453,-2.25878447146067
-110.898626,41.91882453,0.883943235490208
-110.5763458,41.91882453,1.55173720182497
-110.2540656,41.91882453,-1.20935574931065
-109.9317853,41.91882453,-3.7970224496447
-109.6095051,41.91882453,-2.17917522779054
-109.2872249,41.91882453,-1.45047718899324
-108.9649446,41.91882453,0.0600312076777165
-108.6426644,41.91882453,-0.452994180951133
-108.3203842,41.91882453,-0.654811000886129
-107.9981039,41.91882453,0.173526376200833
-107.6758237,41.91882453,0.182083488649379
-107.3535435,41.91882453,-0.611008104782625
-107.0312632,41.91882453,-1.57085608306649
-106.708983,41.91882453,0.578481877542843
-106.3867028,41.91882453,1.67155907552562
-106.0644225,41.91882453,0.972656126600183
-105.7421423,41.91882453,3.90307730456186
-121.4010135,41.67901817,-0.756613492143857
-121.079937,41.67901817,1.8085146536834
-120.7588605,41.67901817,-0.386079517263833
-120.437784,41.67901817,-1.51260055981774
-120.1167075,41.67901817,-2.51077681648513
-119.795631,41.67901817,-1.44068875353018
-119.4745545,41.67901817,-0.542239762854794
-119.153478,41.67901817,-1.9269932653429
-118.8324015,41.67901817,-0.894039208850051
-118.511325,41.67901817,-1.20370718853714
-118.1902485,41.67901817,-1.16721441391736
-117.869172,41.67901817,-0.807207937616304
-117.5480955,41.67901817,-0.18620041599957
-117.227019,41.67901817,-0.719238950410189
-116.9059425,41.67901817,0.289929479931709
-116.584866,41.67901817,-0.857003682444327
-116.2637895,41.67901817,-2.45777442600775
-115.942713,41.67901817,-0.213603213854315
-115.6216365,41.67901817,0.994606474910285
-115.30056,41.67901817,2.55753734274963
-114.9794835,41.67901817,0.135773603464306
-114.658407,41.67901817,-0.706994444768396
-114.3373305,41.67901817,-0.309742637551505
-114.016254,41.67901817,-0.236657654846323
-113.6951775,41.67901817,-0.0927802299276403
-113.374101,41.67901817,0.343738528335937
-113.0530245,41.67901817,0.0947937788828432
-112.731948,41.67901817,-2.6392620647696
-112.4108715,41.67901817,-1.90500485177522
-112.089795,41.67901817,-2.23693338445563
-111.447642,41.67901817,3.02002565194769
-111.1265655,41.67901817,1.01571494316467
-110.8054891,41.67901817,-0.952120472789565
-110.4844126,41.67901817,-0.777134272599074
-110.1633361,41.67901817,-1.89584989440063
-109.8422596,41.67901817,-3.74035568727787
-109.5211831,41.67901817,-1.46112272639701
-109.2001066,41.67901817,-2.81409915115549
-108.8790301,41.67901817,-2.19078803290265
-108.5579536,41.67901817,0.0515690802318554
-108.2368771,41.67901817,0.361475857082089
-107.9158006,41.67901817,0.769457712947086
-107.5947241,41.67901817,1.43399785647706
-107.2736476,41.67901817,0.170924397193967
-106.9525711,41.67901817,0.719013532291744
-106.6314946,41.67901817,0.550694505938081
-106.3104181,41.67901817,3.86846268074141
-105.9893416,41.67901817,3.12593323686519
-105.6682651,41.67901817,3.33815878516513
-105.3471886,41.67901817,-0.810098250421317
-105.0261121,41.67901817,0.883868246068231
-120.9513711,41.43921181,-0.817252837578482
-120.6314838,41.43921181,-2.74568430131976
-120.3115965,41.43921181,-1.41333188489809
-119.9917092,41.43921181,-0.445558568791435
-119.6718219,41.43921181,-1.21164343151077
-119.3519346,41.43921181,0.364447955899775
-119.0320473,41.43921181,-1.97801933748264
-118.71216,41.43921181,-1.05288089745434
-118.3922727,41.43921181,0.133647772953065
-118.0723854,41.43921181,-0.601851421117207
-117.7524981,41.43921181,0.0880938975768832
-117.4326108,41.43921181,-1.02485181844504
-117.1127235,41.43921181,-0.667632560433191
-116.7928362,41.43921181,-2.29992235003527
-116.4729489,41.43921181,-0.220010344042151
-116.1530616,41.43921181,-0.037735998158446
-115.8331743,41.43921181,1.23234632672869
-115.513287,41.43921181,0.632010997935128
-115.1933997,41.43921181,-1.46327574590755
-114.8735124,41.43921181,0.749048973938455
-114.5536251,41.43921181,-1.80198353477643
-114.2337378,41.43921181,-0.187052534428464
-113.9138505,41.43921181,0.0659245671410398
-113.5939632,41.43921181,-1.65821238478166
-113.2740759,41.43921181,-1.46830124931712
-112.9541886,41.43921181,0.037838384758228
-112.6343013,41.43921181,-0.79437914199122
-112.314414,41.43921181,-2.83994879840185
-111.6746394,41.43921181,2.39828655367548
-111.3547521,41.43921181,3.57216777870372
-111.0348648,41.43921181,-2.09545291320387
-110.7149775,41.43921181,-1.3887474503828
-110.3950902,41.43921181,-2.19526665706038
-110.0752029,41.43921181,-2.01289892088233
-109.7553156,41.43921181,-3.08634577972709
-109.4354283,41.43921181,-2.5269000871323
-109.115541,41.43921181,-1.79717379786
-108.7956536,41.43921181,-0.506683109980086
-108.4757663,41.43921181,-2.19792206995746
-108.155879,41.43921181,-0.954603395301455
-107.8359917,41.43921181,-0.834815578374451
-107.5161044,41.43921181,1.30600406745363
-107.1962171,41.43921181,9.90617300762331e-05
-106.8763298,41.43921181,1.55169662603158
-106.5564425,41.43921181,0.587278342326008
-106.2365552,41.43921181,1.53566390184533
-105.9166679,41.43921181,2.34773239407306
-105.5967806,41.43921181,4
-105.2768933,41.43921181,2.58052045992692
-104.957006,41.43921181,3.6963626171844
-120.8258629,41.19940545,2.06808913066347
-120.5071504,41.19940545,-0.739687084439845
-120.188438,41.19940545,0.485875198216696
-119.8697255,41.19940545,-2.31461976728261
-119.5510131,41.19940545,-0.176009928472037
-119.2323007,41.19940545,0.292518928622646
-118.9135882,41.19940545,-0.228451897708794
-118.5948758,41.19940545,-0.334242111698593
-118.2761633,41.19940545,-0.353017944910635
-117.9574509,41.19940545,-0.453231864865516
-117.6387384,41.19940545,0.745278997409795
-117.320026,41.19940545,-0.488676475428762
-117.0013135,41.19940545,1.35877496557846
-116.6826011,41.19940545,-0.117565508881707
-116.3638886,41.19940545,-0.688448036199826
-116.0451762,41.19940545,-2.32883021483557
-115.7264638,41.19940545,-0.490235604202904
-115.4077513,41.19940545,-0.87303927630288
-115.0890389,41.19940545,-0.979720642309837
-114.7703264,41.19940545,-0.727717857723645
-114.451614,41.19940545,-0.262814431429267
-114.1329015,41.19940545,-0.476464469177558
-113.8141891,41.19940545,-0.622398910763126
-113.4954766,41.19940545,-0.985034261950461
-113.1767642,41.19940545,2.06064423884043
-112.8580518,41.19940545,1.41149158857664
-112.2206269,41.19940545,-1.55659813569723
-111.2644895,41.19940545,3.92222683646925
-110.9457771,41.19940545,-2.29157441047667
-110.6270646,41.19940545,-0.763365096928881
-110.3083522,41.19940545,-0.5569754597238
-109.9896398,41.19940545,-1.85475358011116
-109.6709273,41.19940545,-2.97410359029576
-109.3522149,41.19940545,-3.23827860875479
-109.0335024,41.19940545,-0.864054656650468
-108.71479,41.19940545,-1.07837825435109
-108.3960775,41.19940545,-1.06140027638896
-108.0773651,41.19940545,-2.74492534150607
-107.7586526,41.19940545,-0.50726757447707
-107.4399402,41.19940545,2.02323119341482
-107.1212277,41.19940545,4
-106.8025153,41.19940545,4
-106.4838029,41.19940545,4
-106.1650904,41.19940545,4
-105.846378,41.19940545,-0.503640294078244
-105.5276655,41.19940545,2.41601703405257
-105.2089531,41.19940545,4
-121.0209316,40.95959909,0.816597058305552
-120.7033799,40.95959909,-0.870675527110825
-120.3858281,40.95959909,-2.177329729968
-120.0682764,40.95959909,-0.560890924671218
-119.7507247,40.95959909,-0.860900991160491
-119.433173,40.95959909,-0.663748048697657
-119.1156212,40.95959909,-0.891591926690118
-118.7980695,40.95959909,-1.0459880260507
-118.4805178,40.95959909,-0.457396234837641
-118.162966,40.95959909,-1.29311479221852
-117.8454143,40.95959909,-0.426579324849507
-117.5278626,40.95959909,-1.46743045211334
-117.2103109,40.95959909,-0.337604002602496
-116.8927591,40.95959909,-0.789568657913748
-116.5752074,40.95959909,-1.77304701578937
-116.2576557,40.95959909,0.0347998032731018
-115.9401039,40.95959909,-0.0137977019743027
-115.6225522,40.95959909,-1.88171474598967
-115.3050005,40.95959909,-1.7044216139403
-114.9874488,40.95959909,-0.901157006867395
-114.669897,40.95959909,1.29907586098638
-114.3523453,40.95959909,-0.468054153874133
-114.0347936,40.95959909,-1.78945861206396
-113.7172418,40.95959909,-0.0346460158156763
-113.3996901,40.95959909,2.12327833614408
-113.0821384,40.95959909,-0.742366469437015
-112.7645867,40.95959909,-1.32255229372983
-112.1294832,40.95959909,0.545362959286598
-110.8592763,40.95959909,1.85245014214509
-110.5417246,40.95959909,1.31539531679019
-110.2241728,40.95959909,3.15353847675203
-109.9066211,40.95959909,3.93652409390899
-109.5890694,40.95959909,-3.89669973003473
-109.2715176,40.95959909,-1.75036922698791
-108.9539659,40.95959909,1.08687748913385
-108.6364142,40.95959909,-0.300696922480181
-108.3188625,40.95959909,-0.391113175239259
-108.0013107,40.95959909,0.168839220249534
-107.683759,40.95959909,0.24185489020752
-107.3662073,40.95959909,2.46475941216418
-107.0486555,40.95959909,3.92798991663751
-106.7311038,40.95959909,1.59197519552701
-106.4135521,40.95959909,3.11447085481892
-106.0960004,40.95959909,2.21735196157394
-105.7784486,40.95959909,2.34835564188034
-105.4608969,40.95959909,2.2894927395135
-120.9002954,40.71979273,-0.512246073749955
-120.5838905,40.71979273,0.405921594844267
-120.2674855,40.71979273,-2.71791935326169
-119.9510805,40.71979273,-1.38692088758816
-119.6346756,40.71979273,-0.635052804532958
-119.3182706,40.71979273,-0.0462709906650725
-119.0018657,40.71979273,-0.397179269722681
-118.6854607,40.71979273,-1.72715711188878
-118.3690557,40.71979273,-1.40675962052227
-118.0526508,40.71979273,1.31931723562639
-117.7362458,40.71979273,1.80628056434326
-117.4198409,40.71979273,0.289365594219388
-117.1034359,40.71979273,0.812902253121978
-116.787031,40.71979273,-0.331396126671545
-116.470626,40.71979273,0.0220793850356356
-116.154221,40.71979273,-0.0755817854191567
-115.8378161,40.71979273,-2.8260375035509
-115.5214111,40.71979273,-0.564786745521186
-115.2050062,40.71979273,0.337687710943684
-114.8886012,40.71979273,-0.874162184903873
-114.5721962,40.71979273,0.366839393268978
-114.2557913,40.71979273,-1.46122676064512
-113.9393863,40.71979273,-0.917475150281989
-113.6229814,40.71979273,4
-113.3065764,40.71979273,0.555043678408127
-112.9901714,40.71979273,0.087006163488939
-112.6737665,40.71979273,-1.86787532588057
-112.3573615,40.71979273,-2.93222533475167
-112.0409566,40.71979273,2.67111742099466
-109.5097169,40.71979273,2.40376548840117
-109.1933119,40.71979273,4
-108.876907,40.71979273,0.555346994152903
-108.560502,40.71979273,-0.988374216340122
-108.2440971,40.71979273,-1.69349844834888
-107.9276921,40.71979273,0.907897161805832
-107.6112872,40.71979273,3.73208360380284
-107.2948822,40.71979273,3.58636825229448
-106.9784772,40.71979273,2.90764523500777
-106.6620723,40.71979273,4
-106.3456673,40.71979273,2.78166040707375
-106.0292624,40.71979273,2.22288109662515
-120.7826356,40.47998636,0.373258724748582
-120.4673637,40.47998636,-1.01092891414971
-120.1520917,40.47998636,-0.557600846372363
-119.8368198,40.47998636,-0.410990671010421
-119.5215478,40.47998636,-0.141747381204714
-119.2062759,40.47998636,0.282156262704662
-118.8910039,40.47998636,-0.4197953935496
-118.575732,40.47998636,1.77479510708325
-118.2604601,40.47998636,2.9141648001319
-117.9451881,40.47998636,1.16784761263497
-117.6299162,40.47998636,2.02273216788567
-117.3146442,40.47998636,0.266367788074902
-116.9993723,40.47998636,-0.794354760263974
-116.6841003,40.47998636,0.441692375518606
-116.3688284,40.47998636,-0.645481443231229
-116.0535564,40.47998636,0.291070934257051
-115.7382845,40.47998636,-0.887534338296314
-115.4230126,40.47998636,-1.07730968930044
-115.1077406,40.47998636,-1.09805737796664
-114.7924687,40.47998636,-1.26850619706871
-114.4771967,40.47998636,-0.532891045636041
-114.1619248,40.47998636,-1.04335348679992
-113.8466528,40.47998636,4
-113.5313809,40.47998636,4
-113.2161089,40.47998636,0.586577406900032
-112.900837,40.47998636,0.797033189698281
-112.5855651,40.47998636,2.96233444949402
-112.2702931,40.47998636,-0.1151471398432
-111.0092053,40.47998636,1.05317764427656
-110.6939334,40.47998636,1.22759716826916
-110.3786614,40.47998636,1.96063871468822
-110.0633895,40.47998636,2.14563889542303
-109.7481176,40.47998636,-0.193106919588772
-109.4328456,40.47998636,-0.250574285970834
-109.1175737,40.47998636,-1.46312154033597
-108.8023017,40.47998636,1.57574460017702
-108.4870298,40.47998636,1.71165213289342
-108.1717578,40.47998636,-0.181735053506948
-107.8564859,40.47998636,0.780216700623464
-107.5412139,40.47998636,0.410101187272269
-107.225942,40.47998636,0.778005030280982
-106.9106701,40.47998636,4
-120.3537692,40.24018,-3.17085817392692
-120.0396167,40.24018,-1.94355850166629
-119.7254642,40.24018,-0.0881174153546742
-119.4113117,40.24018,1.28252165842134
-119.0971592,40.24018,0.4692931897381
-118.7830067,40.24018,-0.244463909846568
-118.4688542,40.24018,0.426957709720948
-118.1547017,40.24018,1.05934726909018
-117.8405492,40.24018,0.766968607260746
-117.5263967,40.24018,1.05188501435559
-117.2122442,40.24018,-0.0713345518252542
-116.8980917,40.24018,-0.450848354584622
-116.5839392,40.24018,0.180881037825904
-116.2697867,40.24018,0.211804966141848
-115.9556342,40.24018,0.0640776655553656
-115.6414817,40.24018,-0.537609937335291
-115.3273292,40.24018,-0.875869609403651
-115.0131767,40.24018,1.10321565317991
-114.6990242,40.24018,-1.64012240205429
-114.3848717,40.24018,-1.52128047697022
-114.0707192,40.24018,-0.719292851744389
-113.7565667,40.24018,-1.01056439503759
-113.4424142,40.24018,0.586533407631237
-113.1282617,40.24018,1.82823099235772
-112.8141092,40.24018,-1.70509045950074
-112.4999567,40.24018,2.19425897315091
-112.1858042,40.24018,-1.54044587899129
-111.8716517,40.24018,0.117024623133116
-111.2433467,40.24018,1.99043536581876
-110.9291942,40.24018,3.18469827886283
-110.6150417,40.24018,0.840030850764378
-110.3008892,40.24018,-2.35065919749869
-109.9867367,40.24018,-0.676542497564903
-109.6725842,40.24018,-1.7617789105058
-109.3584317,40.24018,-1.81339640505589
-109.0442792,40.24018,-2.36450197926121
-108.7301268,40.24018,-0.510785511893233
-108.4159743,40.24018,0.627036470014084
-108.1018218,40.24018,3.541363458481
-107.7876693,40.24018,4
-107.4735168,40.24018,3.34166768949522
-104.9602968,40.24018,-1.00815506098174
-120.2430775,40.00037364,-0.605250169338532
-119.9300311,40.00037364,-0.670850943799767
-119.6169847,40.00037364,-0.589058176590332
-119.3039382,40.00037364,-0.441404682180996
-118.9908918,40.00037364,-0.328645777453938
-118.6778453,40.00037364,0.248212111962164
-118.3647989,40.00037364,-0.228000335278924
-118.0517525,40.00037364,-0.096793284985816
-117.738706,40.00037364,-0.669630858704065
-117.4256596,40.00037364,0.624052972986128
-117.1126131,40.00037364,-1.06467056250374
-116.7995667,40.00037364,0.562807979882469
-116.4865203,40.00037364,0.796766205337241
-116.1734738,40.00037364,-1.24919547797943
-115.8604274,40.00037364,0.609629690819819
-115.5473809,40.00037364,2.53229566956447
-115.2343345,40.00037364,0.697046439639474
-114.9212881,40.00037364,0.149370150538173
-114.6082416,40.00037364,0.168190344690427
-114.2951952,40.00037364,-2.64936776479846
-113.9821487,40.00037364,-0.390194888750481
-113.6691023,40.00037364,-0.482723515070982
-113.3560559,40.00037364,0.687140032771683
-113.0430094,40.00037364,0.0160136545045459
-112.729963,40.00037364,-2.59365209706117
-112.4169165,40.00037364,1.28995733845936
-112.1038701,40.00037364,1.96084354941078
-111.7908237,40.00037364,-1.48027708136611
-110.5386379,40.00037364,-1.24040800956413
-110.2255915,40.00037364,-1.53588447135012
-109.912545,40.00037364,-2.16233798743615
-109.5994986,40.00037364,-2.84371120476248
-109.2864521,40.00037364,-3.19650444243199
-108.9734057,40.00037364,-2.75160428448245
-108.6603593,40.00037364,2.8032168248982
-108.3473128,40.00037364,0.869254982332264
-108.0342664,40.00037364,3.42880797023962
-107.7212199,40.00037364,4
-107.0951271,40.00037364,3.74496009693567
-105.2168484,40.00037364,3.26869599696445
-104.903802,40.00037364,1.26273860644793
-120.1352597,39.76056728,1.95152231293324
-119.8233061,39.76056728,0.000353916194507198
-119.5113525,39.76056728,2.28244730228518
-119.1993989,39.76056728,-0.203077871292511
-118.8874453,39.76056728,-0.658636726569541
-118.5754917,39.76056728,2.45855363861784
-118.2635381,39.76056728,0.587143966605867
-117.9515845,39.76056728,-1.02504800803344
-117.639631,39.76056728,-1.20359517187025
-117.3276774,39.76056728,-1.4477885968282
-117.0157238,39.76056728,1.40051428391154
-116.7037702,39.76056728,0.837076406249803
-116.3918166,39.76056728,1.74848725633258
-116.079863,39.76056728,0.822552061678588
-115.7679094,39.76056728,-1.54215170084507
-115.4559558,39.76056728,1.75283465993943
-115.1440023,39.76056728,1.21112324248811
-114.8320487,39.76056728,0.285509111117973
-114.5200951,39.76056728,-1.92745083148554
-114.2081415,39.76056728,-1.1872391343174
-113.8961879,39.76056728,-0.402667711161644
-113.5842343,39.76056728,-1.09409712738627
-113.2722807,39.76056728,-0.991781719852758
-112.9603271,39.76056728,-1.5535833189939
-112.6483736,39.76056728,-2.29890720748348
-112.33642,39.76056728,-2.18840445117367
-112.0244664,39.76056728,3.10686375888329
-111.7125128,39.76056728,1.45876127533138
-110.776652,39.76056728,2.89008785844486
-110.1527449,39.76056728,-1.27221441672821
-109.8407913,39.76056728,-2.02711981170695
-109.5288377,39.76056728,-2.11247672901505
-109.2168841,39.76056728,-2.78289201306726
-108.9049305,39.76056728,-0.24645870720223
-105.473441,39.76056728,0.635444836580992
-105.1614875,39.76056728,3.23838517350739
-104.8495339,39.76056728,1.61679325912765
-119.7194135,39.52076092,4
-119.4085398,39.52076092,2.61898917786837
-119.097666,39.52076092,-1.18840902417581
-118.7867922,39.52076092,-1.96814569565285
-118.4759185,39.52076092,-0.176727319603661
-118.1650447,39.52076092,0.453848398669522
-117.8541709,39.52076092,0.372538679168844
-117.5432972,39.52076092,-0.317127252504831
-117.2324234,39.52076092,0.480383556277832
-116.9215496,39.52076092,-0.215251636506616
-116.6106759,39.52076092,-0.0925255963136158
-116.2998021,39.52076092,-0.799066175603264
-115.9889283,39.52076092,0.542083911466231
-115.6780546,39.52076092,-2.12714483590759
-115.3671808,39.52076092,-1.02533575905855
-115.056307,39.52076092,0.662639407040583
-114.7454333,39.52076092,1.56704993219266
-114.4345595,39.52076092,-0.113535787264202
-114.1236857,39.52076092,-1.15512702102601
-113.812812,39.52076092,-1.6387670369488
-113.5019382,39.52076092,-0.780289515047499
-113.1910644,39.52076092,-1.41111225934013
-112.8801907,39.52076092,-1.82602475233452
-112.5693169,39.52076092,-0.657835735993784
-112.2584431,39.52076092,-0.713196468762191
-111.9475694,39.52076092,0.243943481200616
-111.6366956,39.52076092,1.44315981952854
-111.3258219,39.52076092,3.58514504302606
-111.0149481,39.52076092,2.72351625356598
-110.7040743,39.52076092,0.262015015787549
-110.3932006,39.52076092,1.66047347400335
-109.771453,39.52076092,0.303228773846448
-109.4605793,39.52076092,1.02296993966284
-109.1497055,39.52076092,2.05661319565904
-107.9062104,39.52076092,3.39119711177281
-107.2844629,39.52076092,4
-105.1083465,39.52076092,2.43403809773114
-104.7974728,39.52076092,4
-119.9281327,39.28095456,0.390565171282877
-119.6183259,39.28095456,3.08766602677527
-119.3085191,39.28095456,0.76902165011463
-118.9987123,39.28095456,-0.53849519997556
-118.6889055,39.28095456,0.186201868652731
-118.3790987,39.28095456,2.13964026896804
-118.0692919,39.28095456,0.400167133574492
-117.7594851,39.28095456,-0.0243627692225323
-117.4496783,39.28095456,0.284642803224854
-117.1398715,39.28095456,0.633860515645576
-116.8300647,39.28095456,0.356489972683461
-116.5202579,39.28095456,1.44923446411132
-116.2104511,39.28095456,-1.44590436158534
-115.9006443,39.28095456,0.920887233447474
-115.5908375,39.28095456,0.489813941454149
-115.2810307,39.28095456,0.947368365476047
-114.9712239,39.28095456,1.7773409147121
-114.6614171,39.28095456,2.14395265978869
-114.3516103,39.28095456,0.785846690186465
-114.0418035,39.28095456,-1.75283001718077
-113.7319967,39.28095456,-1.40360405060834
-113.4221899,39.28095456,-1.31915064880355
-113.1123831,39.28095456,1.35228104889313
-112.8025763,39.28095456,1.11856353519453
-112.4927695,39.28095456,-1.184792644681
-112.1829627,39.28095456,1.85350204019695
-111.8731559,39.28095456,-0.892551068051438
-111.5633491,39.28095456,1.93076589236177
-111.2535423,39.28095456,0.740145329173822
-110.9437355,39.28095456,0.41716706457867
-110.6339287,39.28095456,-0.136245767283371
-110.3241219,39.28095456,0.784143926301478
-110.0143151,39.28095456,-1.5997274313728
-109.3947015,39.28095456,1.0641005323952
-109.0848947,39.28095456,1.48286278992999
-108.7750879,39.28095456,-3.01856757925969
-108.4652811,39.28095456,0.51991705571991
-108.1554743,39.28095456,0.187089973449901
-119.8287689,39.0411482,1.47121749675871
-119.5200164,39.0411482,3.4274292915888
-119.2112639,39.0411482,-0.761938168828259
-118.9025114,39.0411482,-1.1437412082466
-118.5937588,39.0411482,-0.240601502600967
-118.2850063,39.0411482,2.24136660180058
-117.9762538,39.0411482,2.34293009034799
-117.6675013,39.0411482,0.94295587942048
-117.3587487,39.0411482,1.66138453540471
-117.0499962,39.0411482,0.966860976215517
-116.7412437,39.0411482,0.349079600071561
-116.4324911,39.0411482,0.651424033313355
-116.1237386,39.0411482,-0.26724987869529
-115.8149861,39.0411482,-0.597577423901506
-115.5062336,39.0411482,0.594203938659367
-115.197481,39.0411482,1.9661906678749
-114.8887285,39.0411482,1.41171660443197
-114.579976,39.0411482,0.95257189898753
-114.2712235,39.0411482,1.20271461787233
-113.9624709,39.0411482,-1.88889515869753
-113.6537184,39.0411482,0.120420996944536
-113.3449659,39.0411482,-0.132979557092441
-113.0362133,39.0411482,-0.918835945361609
-112.7274608,39.0411482,-1.00811876812208
-112.4187083,39.0411482,-2.71887404968066
-112.1099558,39.0411482,3.86085370565292
-111.8012032,39.0411482,0.238432417228547
-111.4924507,39.0411482,2.323000000405
-111.1836982,39.0411482,0.18179837322361
-110.8749457,39.0411482,-0.746945399637471
-110.5661931,39.0411482,-0.366835117365517
-110.2574406,39.0411482,0.598390253997743
-109.9486881,39.0411482,0.982530559208229
-109.6399356,39.0411482,2.95487680944166
-109.331183,39.0411482,1.93136795843608
-109.0224305,39.0411482,-2.32750533072
-108.713678,39.0411482,0.924839893386448
-108.4049254,39.0411482,0.264582446467772
-108.0961729,39.0411482,2.37786229762823
-119.7321694,38.80134183,-0.311080638673327
-119.4244587,38.80134183,2.48197932054722
-119.1167479,38.80134183,-0.594685019620008
-118.8090371,38.80134183,1.50319204789866
-118.5013263,38.80134183,0.347258949062317
-118.1936156,38.80134183,-0.787101837702383
-117.8859048,38.80134183,0.366455300648783
-117.578194,38.80134183,0.580546385463939
-117.2704832,38.80134183,1.11571150631149
-116.9627725,38.80134183,0.859237090209807
-116.6550617,38.80134183,0.683620904885039
-116.3473509,38.80134183,0.833908426723828
-116.0396401,38.80134183,0.21900266617984
-115.7319294,38.80134183,0.105991493841509
-115.4242186,38.80134183,-0.408896338298779
-115.1165078,38.80134183,1.80625297866091
-114.808797,38.80134183,4
-114.5010863,38.80134183,-0.00864304419149775
-114.1933755,38.80134183,1.21734047738379
-113.8856647,38.80134183,-0.967632820316575
-113.5779539,38.80134183,0.96313708487888
-113.2702432,38.80134183,-0.109433565063696
-112.9625324,38.80134183,-0.40168040236648
-112.6548216,38.80134183,-0.726568636409568
-112.3471108,38.80134183,2.06981442508791
-112.0394001,38.80134183,0.390291344429413
-111.7316893,38.80134183,3.1574651530961
-111.4239785,38.80134183,0.299410775585291
-111.1162677,38.80134183,-0.537423322738839
-110.808557,38.80134183,-0.483051588510033
-110.5008462,38.80134183,0.907826610463231
-110.1931354,38.80134183,-2.35201222248048
-109.8854246,38.80134183,-1.43414221325863
-109.5777139,38.80134183,0.0584421577839083
-109.2700031,38.80134183,-0.240542511313718
-108.9622923,38.80134183,1.25876865592512
-108.6545815,38.80134183,1.63305270406561
-108.3468708,38.80134183,-0.227824868729837
-108.03916,38.80134183,-0.566264353977436
-107.7314492,38.80134183,-0.0229948044095605
-107.1160277,38.80134183,3.30061508080952
-119.331627,38.56153547,-0.324050030805408
-119.0249456,38.56153547,0.88837049558846
-118.7182642,38.56153547,0.899266163165624
-118.4115828,38.56153547,1.09015760463887
-118.1049014,38.56153547,1.69691413221123
-117.79822,38.56153547,-0.526760021808658
-117.4915386,38.56153547,-0.271893555785754
-117.1848573,38.56153547,0.779828776070599
-116.8781759,38.56153547,0.111640498345309
-116.5714945,38.56153547,1.68092896984714
-116.2648131,38.56153547,0.251116596764371
-115.9581317,38.56153547,1.09548184281082
-115.6514503,38.56153547,0.906366536738027
-115.344769,38.56153547,1.31316302209192
-115.0380876,38.56153547,1.29057300030803
-114.7314062,38.56153547,1.69291671882872
-114.4247248,38.56153547,-2.26829430501115
-114.1180434,38.56153547,-2.48836783053959
-113.811362,38.56153547,-1.19551732264894
-113.5046807,38.56153547,0.294793752521128
-113.1979993,38.56153547,0.603866897131158
-112.8913179,38.56153547,0.136193194666551
-112.5846365,38.56153547,-0.104581177140535
-112.2779551,38.56153547,0.788453316800841
-111.9712737,38.56153547,1.02058089629777
-111.6645924,38.56153547,0.764338111529555
-111.357911,38.56153547,1.90513561408835
-111.0512296,38.56153547,0.50000319694854
-110.7445482,38.56153547,0.627517024030826
-110.4378668,38.56153547,-0.698808159091272
-110.1311854,38.56153547,-0.351071625498474
-109.824504,38.56153547,-0.270946649001445
-109.5178227,38.56153547,-0.179404121858165
-109.2111413,38.56153547,3.24020915251103
-108.9044599,38.56153547,2.90674585912846
-108.5977785,38.56153547,2.99894126815349
-108.2910971,38.56153547,3.0848163962914
-107.9844157,38.56153547,-1.18087893699398
-107.6777344,38.56153547,2.79030077502419
-107.371053,38.56153547,1.43257494899153
-107.0643716,38.56153547,3.26911710270471
-106.7576902,38.56153547,2.11935503145243
-106.4510088,38.56153547,2.40875994275989
-119.5471603,38.32172911,1.07900176414489
-119.2414961,38.32172911,1.99335575038521
-118.9358319,38.32172911,1.52959278653582
-118.6301678,38.32172911,1.46283157247404
-118.3245036,38.32172911,1.60756657598336
-118.0188394,38.32172911,2.12846193058536
-117.7131752,38.32172911,2.18226348145159
-117.407511,38.32172911,3.92777247100823
-117.1018468,38.32172911,-1.35172027207063
-116.7961826,38.32172911,1.05175848970344
-116.4905184,38.32172911,1.9968476773505
-116.1848542,38.32172911,2.22332191133599
-115.87919,38.32172911,0.906132083369889
-115.5735258,38.32172911,0.845409285351962
-115.2678616,38.32172911,1.25004293630967
-114.9621974,38.32172911,-1.57139158247505
-114.6565332,38.32172911,-0.575947730475761
-114.350869,38.32172911,0.624208097796476
-114.0452048,38.32172911,0.140988694770154
-113.7395407,38.32172911,-0.083426267855117
-113.4338765,38.32172911,1.03859128093918
-113.1282123,38.32172911,-1.87457570384931
-112.8225481,38.32172911,-1.24979298673887
-112.5168839,38.32172911,3.71899580628473
-112.2112197,38.32172911,0.644842398690323
-111.9055555,38.32172911,0.966510841718291
-111.5998913,38.32172911,0.544553955281504
-111.2942271,38.32172911,-0.467616700730221
-110.9885629,38.32172911,-4
-110.6828987,38.32172911,-4
-110.3772345,38.32172911,-1.63758900238425
-110.0715703,38.32172911,-0.135415122486255
-109.7659061,38.32172911,-1.19871488904742
-109.4602419,38.32172911,-0.400498233693948
-109.1545777,38.32172911,-0.743113625815626
-108.8489136,38.32172911,0.704763086994696
-108.5432494,38.32172911,1.75492723014594
-108.2375852,38.32172911,1.73128488386899
-107.931921,38.32172911,4
-107.6262568,38.32172911,1.93446348143015
-107.3205926,38.32172911,4
-107.0149284,38.32172911,4
-106.7092642,38.32172911,4
-106.4036,38.32172911,3.53669313958649
-106.0979358,38.32172911,3.52742179935316
-119.7633597,38.08192275,-0.527254967791583
-119.4587007,38.08192275,0.957370541994156
-119.1540416,38.08192275,2.44610032755048
-118.8493826,38.08192275,-0.481522472044945
-118.5447235,38.08192275,1.03049176498117
-118.2400645,38.08192275,1.96079114078627
-117.9354054,38.08192275,0.336386471438922
-117.6307464,38.08192275,1.67095925173619
-117.3260874,38.08192275,-2.75923639192398
-117.0214283,38.08192275,1.82203619451739
-116.7167693,38.08192275,1.25490144905299
-116.4121102,38.08192275,-1.11067991113381
-116.1074512,38.08192275,0.603956478417978
-115.8027921,38.08192275,0.349287413295399
-115.4981331,38.08192275,3.26629838521853
-115.193474,38.08192275,1.58603726697605
-114.888815,38.08192275,-0.747505862908391
-114.5841559,38.08192275,-0.908611057559282
-114.2794969,38.08192275,1.48762286921648
-113.9748378,38.08192275,0.723628590945288
-113.6701788,38.08192275,2.07822099188349
-113.3655197,38.08192275,-0.461831563628116
-113.0608607,38.08192275,0.110456436412311
-112.7562016,38.08192275,-0.631412276314659
-112.4515426,38.08192275,4
-112.1468835,38.08192275,2.72239682742669
-111.8422245,38.08192275,1.82512867581638
-111.5375654,38.08192275,0.927423610226368
-111.2329064,38.08192275,3.07802464356692
-110.9282473,38.08192275,-0.0551710469238684
-110.6235883,38.08192275,2.23079296996014
-110.3189292,38.08192275,1.13634571540513
-110.0142702,38.08192275,1.57167378961903
-109.7096111,38.08192275,0.259688612367374
-109.4049521,38.08192275,2.21774420016937
-109.1002931,38.08192275,-0.635267495658897
-108.795634,38.08192275,-0.933466332529604
-108.490975,38.08192275,0.545203822502121
-108.1863159,38.08192275,3.30195941087837
-107.8816569,38.08192275,1.74995955741598
-107.5769978,38.08192275,2.83133603070401
-106.9676797,38.08192275,1.64702031855067
-106.6630207,38.08192275,4
-106.3583616,38.08192275,3.64640673436592
-106.0537026,38.08192275,0.18137382944194
-105.7490435,38.08192275,4
-105.4443845,38.08192275,3.87347476081161
-119.0692394,37.84211639,0.2645522101649
-118.7655736,37.84211639,1.47976628563511
-118.4619078,37.84211639,2.19207667995444
-118.158242,37.84211639,0.610626060558207
-117.8545762,37.84211639,2.78694811849506
-117.5509104,37.84211639,-1.36574750083219
-117.2472446,37.84211639,-2.24373259313697
-116.9435788,37.84211639,-0.136406309074675
-116.639913,37.84211639,4
-116.3362473,37.84211639,1.28529128493786
-116.0325815,37.84211639,0.610582067087879
-115.7289157,37.84211639,0.35305616352287
-115.4252499,37.84211639,0.453036298060854
-115.1215841,37.84211639,1.94024029221697
-114.8179183,37.84211639,2.19535007332109
-114.5142525,37.84211639,1.14513711301588
-114.2105867,37.84211639,-0.417931437204322
-113.9069209,37.84211639,0.458576765428835
-113.6032551,37.84211639,-0.78154853711821
-113.2995893,37.84211639,-1.53459196274565
-112.9959235,37.84211639,-0.724572160315297
-112.6922577,37.84211639,2.01356541079209
-112.3885919,37.84211639,2.58504546321447
-112.0849261,37.84211639,4
-111.7812604,37.84211639,3.91929315787432
-111.4775946,37.84211639,0.909447913348469
-111.1739288,37.84211639,1.45934613619711
-110.870263,37.84211639,0.364298481311101
-110.5665972,37.84211639,0.162613260084417
-110.2629314,37.84211639,0.629263702237303
-109.9592656,37.84211639,1.94010500598891
-109.6555998,37.84211639,1.35987998033083
-109.351934,37.84211639,3.21672446515901
-109.0482682,37.84211639,4
-108.7446024,37.84211639,0.909140997509953
-108.4409366,37.84211639,4
-108.1372708,37.84211639,2.27060291633402
-107.2262734,37.84211639,2.30774087623387
-106.6189419,37.84211639,1.5756467401043
-106.3152761,37.84211639,1.68314298511724
-106.0116103,37.84211639,-2.18703038358474
-105.7079445,37.84211639,0.457796109509637
-105.4042787,37.84211639,2.76867594771196
-105.1006129,37.84211639,2.38762070922896
-118.6843816,37.60231003,3.66728670120725
-118.3816973,37.60231003,0.800766193810262
-118.0790131,37.60231003,0.0229931467536848
-117.7763288,37.60231003,0.245284652441482
-117.4736445,37.60231003,-2.46214794404621
-117.1709602,37.60231003,2.65012608649867
-116.8682759,37.60231003,-0.361941290759381
-116.5655917,37.60231003,1.42149387173083
-116.2629074,37.60231003,2.45602887487569
-115.9602231,37.60231003,-0.955798942658484
-115.6575388,37.60231003,-0.900079647980538
-115.3548545,37.60231003,1.76720047898947
-115.0521703,37.60231003,-0.708646559028305
-114.749486,37.60231003,0.0975822026937045
-114.4468017,37.60231003,1.63372627491498
-114.1441174,37.60231003,0.790137767260975
-113.8414332,37.60231003,0.964621200146276
-113.5387489,37.60231003,-0.13134067755282
-113.2360646,37.60231003,3.6466714999333
-112.9333803,37.60231003,1.1804305166844
-112.630696,37.60231003,2.91673515539868
-112.3280118,37.60231003,4
-112.0253275,37.60231003,0.987767971831741
-111.7226432,37.60231003,1.55256980255181
-111.4199589,37.60231003,-2.11772006584233
-111.1172746,37.60231003,1.07823036045075
-110.8145904,37.60231003,-3.03135437370957
-110.5119061,37.60231003,-0.643822226490247
-110.2092218,37.60231003,-1.67758801329764
-109.9065375,37.60231003,1.60392713765432
-109.6038532,37.60231003,2.40414715226173
-109.301169,37.60231003,-0.256791895869756
-108.9984847,37.60231003,-0.0709304411111105
-108.6958004,37.60231003,-0.633220096889785
-108.3931161,37.60231003,1.95120466527757
-107.182379,37.60231003,2.28613082531784
-106.8796947,37.60231003,2.3914774818093
-106.2743262,37.60231003,-1.27748008046207
-105.9716419,37.60231003,-2.20847957713079
-105.6689576,37.60231003,-2.49140806874074
-105.3662733,37.60231003,3.52120901352996
-105.0635891,37.60231003,4
-118.9074982,37.36250367,0.148007408866551
-118.6057838,37.36250367,2.48374707976315
-118.3040695,37.36250367,1.63710542273796
-118.0023551,37.36250367,1.61793172514896
-117.7006407,37.36250367,4
-117.3989264,37.36250367,2.69752992923859
-117.097212,37.36250367,-0.0769690178316009
-116.7954977,37.36250367,-2.23922841716146
-116.4937833,37.36250367,-1.21902731184943
-116.1920689,37.36250367,1.65369435257232
-115.8903546,37.36250367,0.791069690848316
-115.5886402,37.36250367,3.95607192631109
-115.2869259,37.36250367,2.16111076602943
-114.9852115,37.36250367,-0.448053831410246
-114.6834972,37.36250367,1.62538928066391
-114.3817828,37.36250367,2.81824568438892
-114.0800684,37.36250367,1.32462917941907
-113.7783541,37.36250367,1.06576692667844
-113.1749254,37.36250367,3.43188451969101
-112.873211,37.36250367,2.29991999171153
-112.5714967,37.36250367,2.33951490849917
-112.2697823,37.36250367,3.07544672653804
-111.9680679,37.36250367,1.2238672065371
-111.6663536,37.36250367,-1.40872449636302
-111.3646392,37.36250367,2.07495697794777
-111.0629249,37.36250367,-1.43830307903454
-110.7612105,37.36250367,-2.19557654970599
-110.4594961,37.36250367,-3.57160031424698
-110.1577818,37.36250367,-0.439191695022471
-109.8560674,37.36250367,0.627848671355185
-109.5543531,37.36250367,-1.90519514702458
-109.2526387,37.36250367,-2.07948168969416
-108.9509244,37.36250367,-0.859851211750518
-108.64921,37.36250367,-0.437260986108178
-108.3474956,37.36250367,1.25343668322693
-108.0457813,37.36250367,2.33789611346397
-106.2354951,37.36250367,-0.562521373630119
-105.9337808,37.36250367,-4
-105.6320664,37.36250367,0.588287483857639
-105.3303521,37.36250367,3.05218132364628
-104.7269233,37.36250367,4
-118.5297578,37.1226973,-0.162892333038051
-118.229002,37.1226973,1.67931328292336
-117.9282461,37.1226973,2.28611157449043
-117.6274902,37.1226973,0.396677825953991
-117.3267343,37.1226973,1.87447733943224
-117.0259784,37.1226973,-1.25424509991879
-116.7252225,37.1226973,-0.872188028183891
-116.4244666,37.1226973,0.888209129925242
-116.1237108,37.1226973,3.57100203489582
-115.8229549,37.1226973,-4
-115.2214431,37.1226973,1.11803866803635
-113.7176637,37.1226973,-2.32116437106607
-113.4169078,37.1226973,-3.40286775850409
-113.1161519,37.1226973,-2.60115908318676
-112.815396,37.1226973,0.313280258496561
-112.5146401,37.1226973,1.04195064449191
-112.2138843,37.1226973,-2.42234612883862
-111.9131284,37.1226973,-4
-111.6123725,37.1226973,-2.58501871408438
-111.3116166,37.1226973,-4
-111.0108607,37.1226973,-0.237118017873871
-110.7101048,37.1226973,-2.78987378534541
-110.409349,37.1226973,-4
-110.1085931,37.1226973,-3.99483318302808
-109.8078372,37.1226973,-0.76187566561218
-109.5070813,37.1226973,-4
-109.2063254,37.1226973,-4
-108.9055695,37.1226973,-3.75986019705861
-108.6048136,37.1226973,0.473008306421058
-108.3040578,37.1226973,1.16081315745151
-108.0033019,37.1226973,2.32089532161891
-107.702546,37.1226973,2.18561568222826
-107.1010342,37.1226973,3.10963563426734
-106.4995225,37.1226973,1.86873127377723
-106.1987666,37.1226973,0.166371416677296
-105.8980107,37.1226973,-2.46253378720447
-105.5972548,37.1226973,0.820462521653674
-105.2964989,37.1226973,3.77942739777652
-104.995743,37.1226973,-0.0298848215346903
-104.6949871,37.1226973,4
-118.4562819,36.88289094,0.908692955554808
-118.1564732,36.88289094,1.83148790999246
-117.5568557,36.88289094,3.20299403462517
-113.6593424,36.88289094,2.74829318140721
-113.3595337,36.88289094,-4
-113.059725,36.88289094,-4
-112.7599162,36.88289094,-3.04790002038047
-112.4601075,36.88289094,-4
-112.1602988,36.88289094,-4
-111.8604901,36.88289094,-1.45790242223246
-111.5606814,36.88289094,-4
-111.2608727,36.88289094,-4
-110.9610639,36.88289094,0.549271200775505
-110.6612552,36.88289094,-0.0963958852567242
-110.3614465,36.88289094,-3.47468514058596
-110.0616378,36.88289094,-3.67622299384171
-109.7618291,36.88289094,-4
-109.4620204,36.88289094,-4
-109.1622116,36.88289094,-3.28306667019948
-108.8624029,36.88289094,-4
-108.5625942,36.88289094,-2.952107443859
-108.2627855,36.88289094,0.6340520992855
-107.9629768,36.88289094,-1.09452775619417
-107.6631681,36.88289094,-0.510590098210691
-107.3633593,36.88289094,0.679729611016
-107.0635506,36.88289094,4
-106.7637419,36.88289094,4
-106.4639332,36.88289094,4
-106.1641245,36.88289094,3.30841888063362
-105.8643158,36.88289094,-0.792210303320086
-105.564507,36.88289094,2.7877407159693
-105.2646983,36.88289094,3.11999104611392
-104.9648896,36.88289094,2.39551701897694
-104.6650809,36.88289094,4
-118.3853346,36.64308458,1.15042001088736
-118.0864618,36.64308458,2.53019358726777
-117.7875891,36.64308458,1.57732643239232
-117.4887164,36.64308458,2.26288931979933
-113.9022438,36.64308458,-4
-113.6033711,36.64308458,1.99488219334426
-113.3044984,36.64308458,0.5499527695083
-113.0056257,36.64308458,-2.55964353328409
-112.706753,36.64308458,-4
-112.4078803,36.64308458,2.09965652554114
-112.1090075,36.64308458,4
-111.8101348,36.64308458,-4
-111.5112621,36.64308458,-1.28220398852976
-111.2123894,36.64308458,-4
-110.9135167,36.64308458,-4
-110.614644,36.64308458,2.81280979719186
-110.3157713,36.64308458,2.13462566019224
-110.0168985,36.64308458,-0.171759681211204
-109.7180258,36.64308458,-3.72449804560493
-109.4191531,36.64308458,-4
-109.1202804,36.64308458,-1.9795924011823
-108.8214077,36.64308458,-2.59742699066023
-108.522535,36.64308458,-4
-108.2236622,36.64308458,-4
-107.9247895,36.64308458,-3.15832623709181
-107.6259168,36.64308458,-0.882465893311276
-107.3270441,36.64308458,3.6176632003904
-107.0281714,36.64308458,3.32533400305092
-106.7292987,36.64308458,2.88434415317813
-106.430426,36.64308458,4
-106.1315532,36.64308458,4
-105.8326805,36.64308458,4
-105.5338078,36.64308458,3.38363512771464
-105.2349351,36.64308458,2.49598822551763
-104.9360624,36.64308458,4
-104.6371897,36.64308458,2.7944091636824
-117.7209996,36.40327822,1.11567302783747
-117.4230518,36.40327822,0.87506467025381
-115.3374176,36.40327822,-0.357844924274319
-113.5497312,36.40327822,0.158329282266393
-113.2517834,36.40327822,2.00080666866578
-112.9538357,36.40327822,-0.381419072000835
-112.6558879,36.40327822,-2.89482494932036
-112.3579402,36.40327822,4
-112.0599925,36.40327822,4
-111.7620447,36.40327822,-4
-111.464097,36.40327822,-1.72922196235952
-111.1661492,36.40327822,0.0834312255778507
-110.8682015,36.40327822,-4
-110.5702537,36.40327822,-1.81231163449862
-110.272306,36.40327822,-0.641646589253617
-109.9743583,36.40327822,2.33443743353883
-109.6764105,36.40327822,-0.0959440075245384
-109.3784628,36.40327822,-4
-109.080515,36.40327822,3.59246527767664
-108.7825673,36.40327822,-3.81208081695634
-108.4846195,36.40327822,1.2005746387933
-108.1866718,36.40327822,-0.474824196380024
-107.8887241,36.40327822,-0.134663485636476
-107.5907763,36.40327822,1.96266589860573
-107.2928286,36.40327822,-0.858503458872246
-106.9948808,36.40327822,3.68570363438281
-106.6969331,36.40327822,3.86353882082779
-106.3989853,36.40327822,4
-106.1010376,36.40327822,4
-105.8030898,36.40327822,4
-105.5051421,36.40327822,3.46820131575547
-105.2071944,36.40327822,3.96931359093575
-104.9092466,36.40327822,4
-117.6568756,36.16347186,2.71307520288118
-112.6073033,36.16347186,-3.31061791026071
-112.3102696,36.16347186,-0.383046345768284
-112.013236,36.16347186,2.19136207811153
-111.7162023,36.16347186,-0.63175775344112
-111.4191686,36.16347186,0.199101769761717
-111.122135,36.16347186,-3.70404219909222
-110.8251013,36.16347186,-4
-110.5280676,36.16347186,-4
-110.231034,36.16347186,1.47881877113
-109.9340003,36.16347186,0.235091066399995
-109.6369666,36.16347186,-2.25792997859459
-109.339933,36.16347186,-2.31691954014277
-109.0428993,36.16347186,4
-108.7458656,36.16347186,0.49706494797266
-108.448832,36.16347186,-2.55705850029724
-108.1517983,36.16347186,-4
-107.8547646,36.16347186,1.61084433026528
-107.557731,36.16347186,0.057344873865923
-107.2606973,36.16347186,2.73466157390316
-106.9636637,36.16347186,3.99313503471437
-106.66663,36.16347186,3.06006231283904
-106.3695963,36.16347186,-0.261013124269754
-106.0725627,36.16347186,-1.27919836230231
-105.775529,36.16347186,3.99439108999936
-105.4784953,36.16347186,1.64060992710916
-105.1814617,36.16347186,2.96189084374808
-104.884428,36.16347186,1.76168800235587
-112.2648513,35.9236655,0.0956114413784679
-111.9687209,35.9236655,1.41849745209954
-111.6725906,35.9236655,2.9212956456474
-111.3764602,35.9236655,-0.985957808168107
-111.0803299,35.9236655,-0.434593934352227
-110.7841995,35.9236655,-4
-110.4880692,35.9236655,-4
-110.1919388,35.9236655,-4
-109.8958085,35.9236655,0.192651953310628
-109.5996781,35.9236655,-0.88047494895208
-109.3035478,35.9236655,1.49204055671095
-109.0074174,35.9236655,3.5485681663078
-108.7112871,35.9236655,2.6996020437318
-108.4151567,35.9236655,1.48624300387055
-108.1190264,35.9236655,1.20392669274988
-107.822896,35.9236655,-4
-107.5267657,35.9236655,2.81444644996214
-107.2306353,35.9236655,0.306692727487857
-106.934505,35.9236655,2.68364643587601
-106.6383746,35.9236655,0.642607512507643
-106.3422442,35.9236655,3.37338156352165
-106.0461139,35.9236655,-1.42448282754596
-105.7499835,35.9236655,2.78546340789689
-105.4538532,35.9236655,0.481180552909696
-105.1577228,35.9236655,2.72990818503485
-111.6311929,35.68385914,0.591709743446515
-111.3359552,35.68385914,-0.349754338410334
-110.4502422,35.68385914,-3.35888991166476
-110.1550045,35.68385914,-3.68893472106023
-109.8597669,35.68385914,-2.24800765081626
-109.5645292,35.68385914,-3.48289287739249
-109.2692915,35.68385914,2.15215591057981
-108.9740538,35.68385914,3.36682176799134
-108.6788162,35.68385914,-0.586699149357769
-108.3835785,35.68385914,0.101496007654505
-108.0883408,35.68385914,0.297356311865489
-107.7931032,35.68385914,0.474793073285333
-107.4978655,35.68385914,-1.8061693014467
-107.2026278,35.68385914,-0.235858462717623
-106.9073901,35.68385914,-0.662833326595003
-106.6121525,35.68385914,-2.49003909427508
-106.3169148,35.68385914,-1.11412241754288
-106.0216771,35.68385914,0.745530375651331
-105.7264395,35.68385914,1.68358652844263
-105.4312018,35.68385914,0.135635135134734
-107.471016,35.44405277,2.79159582238554
-107.1766605,35.44405277,4
-106.882305,35.44405277,0.0848672477366681
-106.293594,35.44405277,-1.98709400831603
