"longitude","latitude","abd"
-119.4201076,48.63340265,4.40579974902207e-05
-119.9396724,48.39359629,0.000172435215230012
-120.0969963,48.15378993,0.000850941174086513
-119.7375387,48.15378993,0.0376806067731044
-119.3780812,48.15378993,0.0444307224054966
-119.0186236,48.15378993,0.00141417352594301
-120.6127391,47.91398357,0.000198511678555272
-120.2549505,47.91398357,0.000606243909401355
-119.897162,47.91398357,0.0333601982228275
-119.5393734,47.91398357,0.175401627256025
-119.1815849,47.91398357,0.101635831858295
-118.8237963,47.91398357,0.0118084385393587
-120.4135444,47.67417721,0.00156896784183889
-120.0574032,47.67417721,0.0328565615100023
-119.701262,47.67417721,0.135174877611669
-119.3451208,47.67417721,0.105955542042754
-118.9889796,47.67417721,0.0113912446607875
-118.6328384,47.67417721,0.00267659912940787
-118.2766972,47.67417721,0.000558448456877149
-120.5727869,47.43437084,0.00014038172264931
-120.2182718,47.43437084,0.0559968127049678
-119.8637567,47.43437084,0.215967765726013
-119.5092416,47.43437084,0.162916672324114
-119.1547265,47.43437084,0.126496703232282
-118.8002114,47.43437084,0.0427584525539597
-118.4456963,47.43437084,0.00340590717732489
-118.0911812,47.43437084,0.00153558520840541
-120.7326873,47.19456448,0.0499695063416941
-120.3797774,47.19456448,0.000594136770650592
-120.0268674,47.19456448,0.00158063417973647
-119.6739574,47.19456448,0.107090569951494
-119.3210474,47.19456448,0.0226398420959139
-118.9681375,47.19456448,0.00757417406002418
-118.2623175,47.19456448,0.000395471811667355
-117.9094076,47.19456448,6.17534158249663e-05
-120.8932545,46.95475812,0.0124639285269902
-120.5419291,46.95475812,0.0555552409801216
-120.1906036,46.95475812,0.264447932458468
-119.8392782,46.95475812,0.0883038475292261
-119.4879528,46.95475812,0.00272390443258639
-119.1366274,46.95475812,0.000692885186247717
-118.4339765,46.95475812,0.00101530202093398
-118.0826511,46.95475812,0.000878675650776461
-117.7313257,46.95475812,0.000231261522143118
-121.0544973,46.71495176,0.00519242908319694
-120.7047362,46.71495176,0.00819902219991747
-120.354975,46.71495176,0.204131180284484
-120.0052139,46.71495176,0.243153265294623
-119.6554528,46.71495176,0.142642340110153
-119.3056916,46.71495176,0.231583484189418
-118.6061693,46.71495176,0.0121344567000354
-118.2564082,46.71495176,0.00660292560920881
-117.9066471,46.71495176,0.000813109008810837
-121.2164246,46.4751454,0.000830803499122848
-120.8682078,46.4751454,0.0131197017761033
-120.519991,46.4751454,0.00699738370173057
-120.1717743,46.4751454,0.258079527700384
-119.8235575,46.4751454,0.523344351178877
-119.4753407,46.4751454,0.0433736612532784
-119.1271239,46.4751454,0.0097467550418198
-118.7789071,46.4751454,0.00128763171488556
-118.4306903,46.4751454,0.00159351791068436
-118.0824735,46.4751454,0.000571877942437864
-117.7342567,46.4751454,0.000260182121775897
-121.0323532,46.23533904,0.000929070137580448
-120.6856611,46.23533904,0.0561598785423552
-120.338969,46.23533904,0.292704153130147
-119.9922769,46.23533904,0.0287046412962937
-119.6455848,46.23533904,0.0440375446364051
-119.2988928,46.23533904,0.0667883921875221
-120.8519944,45.99553268,0.00072847310936544
-120.5068077,45.99553268,0.0679210677997273
-120.1616211,45.99553268,0.0902100124251739
-119.8164344,45.99553268,0.0572352489249946
-119.4712477,45.99553268,0.00550929460739329
-119.126061,45.99553268,0.0332512014767716
-121.0190003,45.75572631,0.000152181184935646
-120.6753,45.75572631,0.0033723824672725
-120.3315997,45.75572631,0.0636129600865494
-119.9878995,45.75572631,0.0976488207762659
-119.6441992,45.75572631,0.00774155748720282
-119.3004989,45.75572631,0.0019974612628039
-113.8012943,45.75572631,0.00230714463827676
-113.457594,45.75572631,0.00373026660009602
-113.1138938,45.75572631,0.00112226006220734
-112.7701935,45.75572631,0.00023178646677628
-112.4264932,45.75572631,2.08090887724666e-05
-121.1866879,45.51591995,0.00030128857549383
-120.5022227,45.51591995,0.000117787501948097
-120.1599901,45.51591995,0.00402349433862755
-119.8177575,45.51591995,0.00152137828375502
-119.1332922,45.51591995,0.00621867125128386
-118.7910596,45.51591995,0.00259167135528297
-113.6575705,45.51591995,0.00449706377179075
-113.3153379,45.51591995,0.00241778600239212
-112.9731053,45.51591995,0.000488688488262663
-112.6308727,45.51591995,0.00171068724584745
-112.28864,45.51591995,0.00324838674883166
-111.9464074,45.51591995,6.2371064995486e-05
-111.6041748,45.51591995,2.38858879293994e-06
-108.8663139,45.51591995,3.06852952630192e-05
-121.0142829,45.27611359,7.99158599884612e-05
-120.3327162,45.27611359,1.93529984990542e-05
-119.9919328,45.27611359,0.000231481866487579
-119.6511495,45.27611359,0.000144264225130683
-119.3103661,45.27611359,0.000291804379320103
-113.8578323,45.27611359,0.000792817086365327
-113.517049,45.27611359,0.00180717087871509
-113.1762656,45.27611359,0.0280796593949633
-112.8354823,45.27611359,0.0184717254141497
-112.4946989,45.27611359,0.0107225585417561
-112.1539155,45.27611359,0.000835543865637773
-111.8131322,45.27611359,0.00070734954093915
-109.0868653,45.27611359,0.00131318734965184
-108.7460819,45.27611359,0.00287358797108534
-108.4052986,45.27611359,2.3642451488096e-05
-108.0645152,45.27611359,8.13605563151668e-05
-120.8454399,45.03630723,5.98077701520417e-05
-120.1667354,45.03630723,2.87078964921494e-05
-113.7190426,45.03630723,0.00047008618550562
-113.3796904,45.03630723,0.0155559744243138
-113.0403381,45.03630723,0.0651757697535082
-112.7009859,45.03630723,0.00910664641337686
-112.3616336,45.03630723,0.021777469725531
-112.0222814,45.03630723,0.00537588298632757
-111.6829291,45.03630723,5.33038849821745e-05
-111.3435769,45.03630723,5.94165685670214e-06
-109.6468156,45.03630723,0.000354769489260218
-109.3074633,45.03630723,0.0201820415176791
-108.9681111,45.03630723,0.0261481890497919
-108.6287588,45.03630723,0.124921770561683
-108.2894066,45.03630723,0.0189740237549909
-107.9500543,45.03630723,0.000291305587362303
-114.2592731,44.79650087,3.91720843741738e-05
-113.5833951,44.79650087,0.0153439873965127
-113.2454561,44.79650087,0.00165779881036545
-112.9075171,44.79650087,0.0126502606222439
-112.5695781,44.79650087,0.0351065197011783
-112.2316391,44.79650087,0.00427707806485283
-111.8937001,44.79650087,0.00209879169847174
-111.555761,44.79650087,8.33848862810997e-05
-111.217822,44.79650087,7.82284663084605e-05
-110.879883,44.79650087,5.24855001579646e-06
-109.190188,44.79650087,0.0164088905908347
-108.852249,44.79650087,0.0793057514845938
-108.51431,44.79650087,0.134851512776315
-108.176371,44.79650087,0.118444562214384
-107.8384319,44.79650087,0.00262648506761446
-107.1625539,44.79650087,9.77234878087305e-05
-119.172089,44.55669451,0.000365516302982482
-118.1624589,44.55669451,0.000150091438779106
-117.4893722,44.55669451,5.73631053406756e-06
-117.1528288,44.55669451,1.46532228744343e-05
-116.8162855,44.55669451,0.000236943333856221
-116.4797421,44.55669451,0.000155318059042027
-114.4604819,44.55669451,0.00011593667535529
-114.1239386,44.55669451,0.00842343936814211
-113.7873952,44.55669451,0.0134788978179113
-113.4508519,44.55669451,0.00550591391493111
-113.1143085,44.55669451,0.0172885336664409
-112.7777651,44.55669451,0.0100583283715233
-112.4412218,44.55669451,0.00637558459562962
-112.1046784,44.55669451,0.00984904167234253
-111.7681351,44.55669451,0.00360354971308196
-111.4315917,44.55669451,0.000654861812034656
-111.0950483,44.55669451,8.648931182509e-05
-110.758505,44.55669451,2.41263436698476e-05
-110.4219616,44.55669451,9.30927701882998e-05
-109.7488749,44.55669451,0.000271877844124994
-109.4123315,44.55669451,0.00363206652037544
-109.0757882,44.55669451,0.0322836947262694
-108.7392448,44.55669451,0.0782787200530212
-108.4027015,44.55669451,0.179006847076978
-108.0661581,44.55669451,0.151632037511334
-107.7296148,44.55669451,0.0571488145928312
-107.3930714,44.55669451,0.000219781626275199
-122.0356668,44.31688815,0.000192394495460711
-121.3653367,44.31688815,0.00212391475868735
-120.3598416,44.31688815,0.000211987773318679
-120.0246766,44.31688815,0.00156396707890289
-119.6895115,44.31688815,0.000167596836758296
-118.0136864,44.31688815,0.000816352454045469
-117.6785213,44.31688815,0.0011095294399464
-117.3433563,44.31688815,0.000636978715559206
-116.6730262,44.31688815,0.00314912100105126
-116.3378612,44.31688815,0.0030944434702533
-113.9917059,44.31688815,0.0063843226041503
-113.6565409,44.31688815,0.0422237535404465
-113.3213758,44.31688815,0.023713719894806
-112.9862108,44.31688815,0.0715124340364429
-112.6510458,44.31688815,0.0399623772874999
-112.3158807,44.31688815,0.0440708426815116
-111.9807157,44.31688815,0.0406190507516894
-111.6455507,44.31688815,0.011392248552101
-111.3103856,44.31688815,0.00221151389273091
-110.9752206,44.31688815,0.00232090903229181
-110.6400556,44.31688815,5.63583977891533e-05
-110.3048905,44.31688815,1.14548173766036e-05
-109.6345604,44.31688815,0.000110164344058169
-109.2993954,44.31688815,0.000198995360144192
-108.9642304,44.31688815,0.00992659982258174
-108.6290653,44.31688815,0.110860584232885
-108.2939003,44.31688815,0.169689003769923
-107.9587353,44.31688815,0.18791580014977
-107.6235702,44.31688815,0.101178726999302
-107.2884052,44.31688815,0.00103586461061719
-106.9532402,44.31688815,0.000373787630768082
-121.5400254,44.07708178,0.00107661005558365
-121.2062216,44.07708178,0.0733744377807776
-120.8724179,44.07708178,0.116248142724473
-120.5386141,44.07708178,0.00506899016228058
-120.2048103,44.07708178,0.00268267824363778
-118.8695952,44.07708178,0.00079834905431655
-118.2019876,44.07708178,0.00164053515907137
-117.8681838,44.07708178,0.0426967056894687
-117.53438,44.07708178,0.0127694687376137
-117.2005763,44.07708178,0.0014397281310347
-116.8667725,44.07708178,0.000488310359890591
-116.5329687,44.07708178,0.000347963252943334
-116.1991649,44.07708178,0.000109145320113228
-114.1963422,44.07708178,0.00439035164052553
-113.8625384,44.07708178,0.0285328039085687
-113.5287347,44.07708178,0.0162533953339539
-113.1949309,44.07708178,0.106274942067427
-112.8611271,44.07708178,0.137781516572614
-112.5273233,44.07708178,0.100294997546917
-112.1935195,44.07708178,0.0672303948884885
-111.8597158,44.07708178,0.0685862285923759
-111.525912,44.07708178,0.0355996217166224
-111.1921082,44.07708178,3.00160263828104e-05
-109.8568931,44.07708178,3.75989173919552e-05
-109.1892855,44.07708178,0.00389051860974382
-108.8554817,44.07708178,0.00368913518706185
-108.5216779,44.07708178,0.0539738304438938
-108.1878742,44.07708178,0.21325641996146
-107.8540704,44.07708178,0.139220887723644
-107.5202666,44.07708178,0.0723800045466532
-107.1864628,44.07708178,0.000168495567839
-106.852659,44.07708178,0.000170039766147605
-121.0505057,43.83727542,0.217713261075532
-120.7180464,43.83727542,0.518629798848591
-120.3855871,43.83727542,0.287974206167506
-120.0531277,43.83727542,0.21540733556689
-119.7206684,43.83727542,0.0376899569902491
-119.388209,43.83727542,0.00438168731623237
-118.7232904,43.83727542,0.00281116094103391
-118.390831,43.83727542,0.0132329226284917
-118.0583717,43.83727542,0.0119745698438303
-117.7259123,43.83727542,0.0517573543099468
-117.393453,43.83727542,0.0577383104385426
-116.396075,43.83727542,0.0023001437880363
-116.0636156,43.83727542,6.70253344656847e-05
-114.0688596,43.83727542,0.00138381517584672
-113.7364003,43.83727542,0.0030162293968546
-113.4039409,43.83727542,0.0192296671034864
-113.0714816,43.83727542,0.096223067777199
-112.7390222,43.83727542,0.122018539423233
-112.4065629,43.83727542,0.0538326420902451
-112.0741036,43.83727542,0.0417369294280446
-111.7416442,43.83727542,0.00999138783241025
-111.4091849,43.83727542,0.000995958598366213
-111.0767255,43.83727542,0.000288143407748155
-110.7442662,43.83727542,0.000673661358249247
-109.0819695,43.83727542,0.00144666448957597
-108.7495102,43.83727542,0.018709919587049
-108.4170508,43.83727542,0.0554883610907352
-108.0845915,43.83727542,0.0569911389016385
-107.7521322,43.83727542,0.064025254981593
-107.4196728,43.83727542,0.0778732930657394
-107.0872135,43.83727542,0.00162168601624468
-106.7547541,43.83727542,0.000794865162537594
-121.5604114,43.59746906,0.000993688013046952
-121.22928,43.59746906,0.019389399472889
-120.8981485,43.59746906,0.0668247861619482
-120.567017,43.59746906,0.409926845297954
-120.2358856,43.59746906,0.627477829117207
-119.9047541,43.59746906,0.374237452603649
-119.5736226,43.59746906,0.1160986577925
-119.2424912,43.59746906,0.00736034544230536
-118.5802283,43.59746906,0.00673222318577182
-118.2490968,43.59746906,0.0765263396901336
-117.9179653,43.59746906,0.0854560026721141
-117.5868339,43.59746906,0.050192158257798
-117.2557024,43.59746906,0.0244208013490927
-116.924571,43.59746906,0.00349029941631625
-115.9311766,43.59746906,0.0001765509002374
-114.2755193,43.59746906,0.000805729142457782
-113.6132563,43.59746906,0.0244056380185791
-113.2821249,43.59746906,0.0834990573888765
-112.9509934,43.59746906,0.123413640671594
-112.619862,43.59746906,0.0916217681732312
-112.2887305,43.59746906,0.0581878111226486
-111.957599,43.59746906,0.00539973117280501
-110.9642047,43.59746906,0.000340338991621667
-110.6330732,43.59746906,0.00186114694562274
-110.3019417,43.59746906,2.17677416312162e-05
-109.6396788,43.59746906,0.029157209310703
-109.3085473,43.59746906,0.0350752622032844
-108.9774159,43.59746906,0.0629458566482749
-108.6462844,43.59746906,0.00460655096359489
-108.315153,43.59746906,0.00275903474138006
-107.9840215,43.59746906,0.00176377270575847
-107.65289,43.59746906,0.0157890777543784
-107.3217586,43.59746906,0.00613679636843695
-106.9906271,43.59746906,0.000219697024066259
-106.6594957,43.59746906,0.00137280188926784
-121.4087501,43.3576627,0.0213345707042605
-121.0789302,43.3576627,0.287244112430137
-120.7491103,43.3576627,0.38272806533576
-120.4192904,43.3576627,0.490335915834828
-120.0894705,43.3576627,0.448888220927172
-119.7596506,43.3576627,0.390159632960298
-119.4298307,43.3576627,0.374209893868052
-119.1000108,43.3576627,0.14695662019578
-118.440371,43.3576627,0.0296807011503807
-118.1105511,43.3576627,0.0392837477222869
-117.7807312,43.3576627,0.126546224067367
-117.4509113,43.3576627,0.123748556830717
-117.1210914,43.3576627,0.0277281130127409
-116.7912715,43.3576627,0.0625314881427223
-116.4614516,43.3576627,0.0770898747813321
-116.1316317,43.3576627,0.0484781184222759
-115.8018117,43.3576627,0.00102978273740035
-115.4719918,43.3576627,0.0118951948551345
-115.1421719,43.3576627,0.00267278686254492
-114.812352,43.3576627,0.0192580734592926
-114.4825321,43.3576627,0.0226914448028613
-114.1527122,43.3576627,0.00390755909766322
-113.8228923,43.3576627,0.0127953355571836
-113.4930724,43.3576627,0.0687589521062227
-113.1632525,43.3576627,0.0792669365929202
-112.8334326,43.3576627,0.0718769426796249
-112.5036127,43.3576627,0.0381782915813554
-112.1737928,43.3576627,0.0331037814006403
-111.8439729,43.3576627,0.00178836996511998
-111.514153,43.3576627,0.00163277896950572
-111.1843331,43.3576627,1.19654603195909e-05
-109.8650535,43.3576627,0.00454154545999865
-109.5352336,43.3576627,0.000427630991811395
-109.2054137,43.3576627,0.112176629151429
-108.8755938,43.3576627,0.220845136428555
-108.5457739,43.3576627,0.216589057174633
-108.215954,43.3576627,0.216588445182165
-107.8861341,43.3576627,0.168196863113207
-107.5563142,43.3576627,0.17165862804638
-107.2264943,43.3576627,0.0096050745357465
-106.8966744,43.3576627,0.0101160448308121
-106.5668545,43.3576627,0.0106850488161918
-121.2604013,43.11785634,0.0142659681816473
-120.9318768,43.11785634,0.170049488719027
-120.6033524,43.11785634,0.422475193857121
-120.274828,43.11785634,0.604795085243605
-119.9463036,43.11785634,0.37600162296056
-119.6177791,43.11785634,0.251738785867845
-119.2892547,43.11785634,0.175242888266632
-118.9607303,43.11785634,0.236443210480796
-118.6322059,43.11785634,0.0894599465166987
-118.3036814,43.11785634,0.147208157794593
-117.975157,43.11785634,0.202580917620352
-117.6466326,43.11785634,0.114944690442186
-117.3181082,43.11785634,0.015837258603424
-116.9895837,43.11785634,0.00395882880789866
-116.6610593,43.11785634,0.174088491872533
-116.3325349,43.11785634,0.126869551250595
-116.0040105,43.11785634,0.0502362335060721
-115.675486,43.11785634,0.00903054694159811
-115.3469616,43.11785634,0.00100410338269332
-115.0184372,43.11785634,0.000825641093942869
-114.6899128,43.11785634,0.00352724307809004
-114.3613883,43.11785634,0.0168288562498566
-114.0328639,43.11785634,0.00814245320358575
-113.7043395,43.11785634,0.01059163590861
-113.3758151,43.11785634,0.0286235665989638
-113.0472906,43.11785634,0.0574669879693313
-112.7187662,43.11785634,0.0245241142886144
-112.3902418,43.11785634,0.00423178456708134
-112.0617174,43.11785634,0.0117296748976112
-111.7331929,43.11785634,0.0119266648231138
-111.4046685,43.11785634,0.00273346510088547
-110.4190952,43.11785634,0.02327022364221
-110.0905708,43.11785634,0.0281882140353519
-109.1049975,43.11785634,0.00297813362505881
-108.7764731,43.11785634,0.0554732687265197
-108.4479487,43.11785634,0.0684889062589526
-108.1194242,43.11785634,0.179908536315336
-107.7908998,43.11785634,0.201203920508409
-107.4623754,43.11785634,0.164349226233813
-107.133851,43.11785634,0.0810933735786884
-106.8053265,43.11785634,0.0196591528130185
-106.4768021,43.11785634,0.0144328442241768
-106.1482777,43.11785634,0.000109002851808784
-120.7880818,42.87804998,0.0711586589209104
-120.460837,42.87804998,0.405164563234769
-120.1335922,42.87804998,0.550064141391012
-119.8063474,42.87804998,0.321045668650416
-119.4791026,42.87804998,0.250345891259261
-119.1518578,42.87804998,0.0770531243784148
-118.824613,42.87804998,0.100475803642482
-118.4973683,42.87804998,0.123718626669803
-118.1701235,42.87804998,0.158404580765592
-117.8428787,42.87804998,0.289283069645674
-117.5156339,42.87804998,0.0505312465669384
-117.1883891,42.87804998,0.038406109143487
-116.8611443,42.87804998,0.0300640682309052
-116.5338995,42.87804998,0.0632893212194993
-116.2066547,42.87804998,0.521822289831493
-115.8794099,42.87804998,0.0546499322527323
-115.5521651,42.87804998,0.12730111666536
-115.2249203,42.87804998,0.0847428363147178
-114.8976755,42.87804998,0.00351376946171817
-114.5704307,42.87804998,0.00043809355868822
-114.2431859,42.87804998,0.0143242848700626
-113.9159411,42.87804998,0.00572593407610479
-113.5886963,42.87804998,0.00252078525138515
-113.2614515,42.87804998,0.0145485559143041
-112.9342067,42.87804998,0.0163771647488262
-112.6069619,42.87804998,0.000315903490948197
-112.2797171,42.87804998,0.000226392891809867
-111.9524723,42.87804998,0.00481017277345146
-111.6252275,42.87804998,0.00305707752917301
-110.6434932,42.87804998,0.0101292561251785
-110.3162484,42.87804998,0.0833163550130783
-109.9890036,42.87804998,0.0579273726130878
-109.6617588,42.87804998,0.0367789327567331
-108.6800244,42.87804998,0.0300622754201039
-108.3527796,42.87804998,0.162238914763447
-108.0255348,42.87804998,0.210624208164582
-107.69829,42.87804998,0.262118745473381
-107.3710452,42.87804998,0.0799850857566378
-107.0438004,42.87804998,0.0479311840701139
-106.7165556,42.87804998,0.013877919553667
-106.3893108,42.87804998,0.00237638006135882
-106.062066,42.87804998,4.04784880221281e-05
-120.6475079,42.63824362,0.0181717645279699
-120.3215271,42.63824362,0.207880007970654
-119.9955463,42.63824362,0.419591571206833
-119.6695655,42.63824362,0.464472955080284
-119.3435848,42.63824362,0.545911015665748
-119.017604,42.63824362,0.2285896437881
-118.6916232,42.63824362,0.0430349472953942
-118.3656424,42.63824362,0.282346750045353
-118.0396616,42.63824362,0.547909261437256
-117.7136808,42.63824362,0.349534265293381
-117.3877001,42.63824362,0.146374699495431
-117.0617193,42.63824362,0.0887390177995503
-116.7357385,42.63824362,0.103270115485092
-116.4097577,42.63824362,0.166773102672039
-116.0837769,42.63824362,0.287540069485709
-115.7577961,42.63824362,0.391441060005149
-115.4318154,42.63824362,0.159547376630281
-115.1058346,42.63824362,0.140162510912224
-114.7798538,42.63824362,0.0254410045111787
-113.8019114,42.63824362,0.00341890078699415
-113.4759307,42.63824362,0.0065146436734958
-113.1499499,42.63824362,0.0102269015181236
-112.8239691,42.63824362,0.0136269460189828
-112.4979883,42.63824362,0.0110776580245786
-112.1720075,42.63824362,0.000770587230049086
-111.8460267,42.63824362,8.78369409814217e-05
-111.520046,42.63824362,0.00122883115210853
-111.1940652,42.63824362,0.000490143893022132
-110.5421036,42.63824362,0.0286767345371083
-110.2161228,42.63824362,0.147364743438037
-109.890142,42.63824362,0.367464386248142
-109.5641613,42.63824362,0.176031451975075
-109.2381805,42.63824362,0.00627851520307279
-108.5862189,42.63824362,0.0105061585192873
-108.2602381,42.63824362,0.215414318179129
-107.9342573,42.63824362,0.207689431762421
-107.6082766,42.63824362,0.195277033953729
-107.2822958,42.63824362,0.192913964666487
-106.956315,42.63824362,0.0838657802691829
-106.6303342,42.63824362,0.0302888328530686
-106.3043534,42.63824362,0.00255752042898208
-120.5101187,42.39843726,0.00024585908301558
-120.1853865,42.39843726,0.0235035188461781
-119.8606543,42.39843726,0.222988440563111
-119.5359222,42.39843726,0.269183171815475
-119.21119,42.39843726,0.619243573631214
-118.8864579,42.39843726,0.275982787944637
-118.5617257,42.39843726,0.312014424828346
-118.2369935,42.39843726,0.451544794293137
-117.9122614,42.39843726,0.478642810257495
-117.5875292,42.39843726,0.622429405496384
-117.262797,42.39843726,0.39327276452014
-116.9380649,42.39843726,0.138170054711189
-116.6133327,42.39843726,0.232722153061598
-116.2886005,42.39843726,0.236663072141204
-115.9638684,42.39843726,0.458798366024601
-115.6391362,42.39843726,0.361534667904928
-115.314404,42.39843726,0.159193845763262
-114.9896719,42.39843726,0.18408993991464
-114.6649397,42.39843726,0.0477414980712556
-114.3402075,42.39843726,0.00278812461730037
-114.0154754,42.39843726,0.00533877346232602
-113.6907432,42.39843726,0.000376475351133117
-113.366011,42.39843726,0.00833022461723367
-113.0412789,42.39843726,0.0185180310983974
-112.7165467,42.39843726,0.0238611800607493
-112.3918146,42.39843726,0.00762706255575406
-112.0670824,42.39843726,0.00261990736351725
-111.7423502,42.39843726,0.000742047833517833
-111.4176181,42.39843726,0.000353314039777158
-110.4434216,42.39843726,0.041398759489975
-110.1186894,42.39843726,0.410534510875737
-109.7939572,42.39843726,0.743142955310978
-109.4692251,42.39843726,0.614730075726467
-109.1444929,42.39843726,0.258233737626606
-108.8197607,42.39843726,0.223956218093937
-108.4950286,42.39843726,0.180238464745776
-108.1702964,42.39843726,0.196109971048955
-107.8455642,42.39843726,0.269500386939515
-107.5208321,42.39843726,0.197723738511007
-107.1960999,42.39843726,0.125075363193499
-106.8713678,42.39843726,0.0724125433078708
-106.5466356,42.39843726,0.0343498157385988
-106.2219034,42.39843726,0.00968743013794289
-105.8971713,42.39843726,6.52105380451097e-05
-121.3463748,42.15863089,0.000858920011527054
-120.6993773,42.15863089,0.000972245945222761
-120.3758786,42.15863089,0.000245200990589048
-120.0523799,42.15863089,0.0653509510090742
-119.7288812,42.15863089,0.271444806947812
-119.4053824,42.15863089,0.437725721144229
-119.0818837,42.15863089,0.428065434415014
-118.758385,42.15863089,0.258557517161044
-118.4348863,42.15863089,0.25132017201986
-118.1113875,42.15863089,0.28039114244201
-117.7878888,42.15863089,0.29876842752892
-117.4643901,42.15863089,0.587740215958166
-117.1408914,42.15863089,0.406711688136133
-116.8173927,42.15863089,0.225248430796058
-116.4938939,42.15863089,0.173801502777194
-116.1703952,42.15863089,0.0951153214132382
-115.8468965,42.15863089,0.379566309397585
-115.5233978,42.15863089,0.331627541019799
-115.1998991,42.15863089,0.233399230627504
-114.8764003,42.15863089,0.291199848287123
-114.5529016,42.15863089,0.162186628344992
-114.2294029,42.15863089,0.00719876812940953
-113.9059042,42.15863089,0.0117181937516817
-113.5824055,42.15863089,0.064506842351376
-113.2589067,42.15863089,0.0705758792659034
-112.935408,42.15863089,0.0387593998003053
-112.6119093,42.15863089,0.0151753225480406
-112.2884106,42.15863089,0.00155765322945299
-111.9649119,42.15863089,0.000403457812088013
-111.6414131,42.15863089,0.000745696145504274
-111.3179144,42.15863089,0.00327743227311819
-110.9944157,42.15863089,0.00877898921944952
-110.670917,42.15863089,0.0165179790429475
-110.3474183,42.15863089,0.284920612827664
-110.0239195,42.15863089,0.628434585078197
-109.7004208,42.15863089,0.557219971846309
-109.3769221,42.15863089,0.588847998419774
-109.0534234,42.15863089,0.449865925333375
-108.7299247,42.15863089,0.61493390460823
-108.4064259,42.15863089,0.618069802061856
-108.0829272,42.15863089,0.406353459423894
-107.7594285,42.15863089,0.199109402053693
-107.4359298,42.15863089,0.350906121845662
-107.112431,42.15863089,0.114514633067157
-106.7889323,42.15863089,0.075292557551256
-106.4654336,42.15863089,0.0244916738611032
-106.1419349,42.15863089,0.0310598520786626
-105.8184362,42.15863089,0.000867174495800829
-121.5338738,41.91882453,0.000390972400728361
-121.2115936,41.91882453,0.0065031480459657
-120.8893133,41.91882453,0.00502829174354163
-120.5670331,41.91882453,0.0048526981781061
-120.2447529,41.91882453,0.0330876231901675
-119.9224726,41.91882453,0.0268043247938758
-119.6001924,41.91882453,0.140981404549053
-119.2779122,41.91882453,0.323350886993852
-118.9556319,41.91882453,0.426154533915636
-118.6333517,41.91882453,0.186379407707656
-118.3110715,41.91882453,0.0827691519364688
-117.9887912,41.91882453,0.103652132645532
-117.666511,41.91882453,0.0696924831860112
-117.3442307,41.91882453,0.360955022615782
-117.0219505,41.91882453,0.536741413994703
-116.6996703,41.91882453,0.222279913375224
-116.37739,41.91882453,0.0943531970263882
-116.0551098,41.91882453,0.0243726102866651
-115.7328296,41.91882453,0.00991376021173704
-115.4105493,41.91882453,0.0777400635472791
-115.0882691,41.91882453,0.0477866241223764
-114.7659889,41.91882453,0.153197244180344
-114.4437086,41.91882453,0.13734389102387
-114.1214284,41.91882453,0.0704640086196008
-113.7991482,41.91882453,0.0325628009991605
-113.4768679,41.91882453,0.088075973691736
-113.1545877,41.91882453,0.111508555595891
-112.8323075,41.91882453,0.0391112582800893
-112.5100272,41.91882453,0.0254367067523727
-112.187747,41.91882453,0.000713301588999944
-111.8654667,41.91882453,0.00467075909693855
-111.5431865,41.91882453,0.00228812277490222
-111.2209063,41.91882453,0.0483099087452082
-110.898626,41.91882453,0.0349330439637505
-110.5763458,41.91882453,0.131192432288056
-110.2540656,41.91882453,0.591765743171177
-109.9317853,41.91882453,0.959224111732374
-109.6095051,41.91882453,0.874341913380101
-109.2872249,41.91882453,0.630696309278874
-108.9649446,41.91882453,0.402820027230414
-108.6426644,41.91882453,0.661527392783975
-108.3203842,41.91882453,0.661914101370862
-107.9981039,41.91882453,0.48295198347381
-107.6758237,41.91882453,0.532987334089195
-107.3535435,41.91882453,0.392565481245352
-107.0312632,41.91882453,0.303508988256747
-106.708983,41.91882453,0.185397866570848
-106.3867028,41.91882453,0.0709278401693105
-106.0644225,41.91882453,0.0555200223656479
-105.7421423,41.91882453,0.00901233027570338
-121.4010135,41.67901817,0.00148217872196965
-121.079937,41.67901817,0.00655916475176874
-120.7588605,41.67901817,0.0736792524030008
-120.437784,41.67901817,0.0334813377002143
-120.1167075,41.67901817,0.202712659793608
-119.795631,41.67901817,0.367036168540323
-119.4745545,41.67901817,0.214614510879703
-119.153478,41.67901817,0.124614672255202
-118.8324015,41.67901817,0.171760059509841
-118.511325,41.67901817,0.18716717135856
-118.1902485,41.67901817,0.119505848767426
-117.869172,41.67901817,0.0519282898232033
-117.5480955,41.67901817,0.0171695886249372
-117.227019,41.67901817,0.253863113011152
-116.9059425,41.67901817,0.331426661332903
-116.584866,41.67901817,0.177625170493196
-116.2637895,41.67901817,0.0630847434607183
-115.942713,41.67901817,0.0208096070057224
-115.6216365,41.67901817,0.00471044464184239
-115.30056,41.67901817,0.027895114828486
-114.9794835,41.67901817,0.221944762313227
-114.658407,41.67901817,0.117740182565991
-114.3373305,41.67901817,0.120205697346478
-114.016254,41.67901817,0.118880224685172
-113.6951775,41.67901817,0.141002545471022
-113.374101,41.67901817,0.212043071260003
-113.0530245,41.67901817,0.0573573074158172
-112.731948,41.67901817,0.0342672634405114
-112.4108715,41.67901817,0.0151401281266932
-112.089795,41.67901817,0.000103397795820077
-111.447642,41.67901817,0.00649562112317071
-111.1265655,41.67901817,0.0361950213484657
-110.8054891,41.67901817,0.131662743729805
-110.4844126,41.67901817,0.499407697875946
-110.1633361,41.67901817,0.763320732150125
-109.8422596,41.67901817,0.925425633288613
-109.5211831,41.67901817,0.636317104065144
-109.2001066,41.67901817,0.613086979656124
-108.8790301,41.67901817,0.496193011522403
-108.5579536,41.67901817,0.435894017090567
-108.2368771,41.67901817,0.593996761567583
-107.9158006,41.67901817,0.423465135898358
-107.5947241,41.67901817,0.220129162173527
-107.2736476,41.67901817,0.295078602621699
-106.9525711,41.67901817,0.192185605080642
-106.6314946,41.67901817,0.0518637605732534
-106.3104181,41.67901817,0.0205416153035004
-105.9893416,41.67901817,0.0308474822029417
-105.6682651,41.67901817,0.0145495629902274
-105.3471886,41.67901817,0.00127036521946115
-105.0261121,41.67901817,2.22489838455056e-05
-120.9513711,41.43921181,0.00743965333204077
-120.6314838,41.43921181,0.0261577756959299
-120.3115965,41.43921181,0.0416771113682862
-119.9917092,41.43921181,0.270897309435311
-119.6718219,41.43921181,0.486068552963684
-119.3519346,41.43921181,0.334936880284052
-119.0320473,41.43921181,0.192201776654223
-118.71216,41.43921181,0.141744098691237
-118.3922727,41.43921181,0.287168229974842
-118.0723854,41.43921181,0.329345707963579
-117.7524981,41.43921181,0.102049935280231
-117.4326108,41.43921181,0.0637565891215506
-117.1127235,41.43921181,0.0241916817002306
-116.7928362,41.43921181,0.124084390478438
-116.4729489,41.43921181,0.0744790700323066
-116.1530616,41.43921181,0.0240712802662525
-115.8331743,41.43921181,0.0416560449590909
-115.513287,41.43921181,0.0565417041399551
-115.1933997,41.43921181,0.0727167348594965
-114.8735124,41.43921181,0.171210247268551
-114.5536251,41.43921181,0.3191644184676
-114.2337378,41.43921181,0.166092278820389
-113.9138505,41.43921181,0.160425420267976
-113.5939632,41.43921181,0.097792656534634
-113.2740759,41.43921181,0.129129811265848
-112.9541886,41.43921181,0.0290850048111468
-112.6343013,41.43921181,0.010977103844224
-112.314414,41.43921181,0.000549282095670416
-111.6746394,41.43921181,0.000753145284100157
-111.3547521,41.43921181,0.0377068412511856
-111.0348648,41.43921181,0.0943397823789819
-110.7149775,41.43921181,0.160775639713838
-110.3950902,41.43921181,0.704901301752897
-110.0752029,41.43921181,0.88251772623437
-109.7553156,41.43921181,0.804426291760907
-109.4354283,41.43921181,0.40504181939957
-109.115541,41.43921181,0.331962998543501
-108.7956536,41.43921181,0.381875170844761
-108.4757663,41.43921181,0.863877646821955
-108.155879,41.43921181,0.758396651865906
-107.8359917,41.43921181,0.637233969730997
-107.5161044,41.43921181,0.098966220554274
-107.1962171,41.43921181,0.0900401860367901
-106.8763298,41.43921181,0.142534177690481
-106.5564425,41.43921181,0.0252784028439956
-106.2365552,41.43921181,0.0025661757112324
-105.9166679,41.43921181,0.00433458839154708
-105.5967806,41.43921181,0.00340915025203408
-105.2768933,41.43921181,0.000520083601871517
-104.957006,41.43921181,4.89337869685973e-05
-120.8258629,41.19940545,0.000164147472634387
-120.5071504,41.19940545,0.0175723722023921
-120.188438,41.19940545,0.0490808035764414
-119.8697255,41.19940545,0.201007010242691
-119.5510131,41.19940545,0.394839578518422
-119.2323007,41.19940545,0.282292383122004
-118.9135882,41.19940545,0.25346479188387
-118.5948758,41.19940545,0.305288777657658
-118.2761633,41.19940545,0.322044336377516
-117.9574509,41.19940545,0.236723946576406
-117.6387384,41.19940545,0.0771407678269901
-117.320026,41.19940545,0.0409126856661786
-117.0013135,41.19940545,0.0132117608295842
-116.6826011,41.19940545,0.00172157662628099
-116.3638886,41.19940545,0.00528101284286401
-116.0451762,41.19940545,0.0348728793665276
-115.7264638,41.19940545,0.0550328664977608
-115.4077513,41.19940545,0.174890887047447
-115.0890389,41.19940545,0.168297249731786
-114.7703264,41.19940545,0.0705898565202263
-114.451614,41.19940545,0.274405665313318
-114.1329015,41.19940545,0.210424150868515
-113.8141891,41.19940545,0.104700672441203
-113.4954766,41.19940545,0.0136932409040489
-113.1767642,41.19940545,0.010557941692538
-112.8580518,41.19940545,0.00696926907625266
-112.2206269,41.19940545,3.92533863488903e-05
-111.2644895,41.19940545,0.0225069420334331
-110.9457771,41.19940545,0.0621544433290991
-110.6270646,41.19940545,0.0719893885662176
-110.3083522,41.19940545,0.204824041014706
-109.9896398,41.19940545,0.652520604919865
-109.6709273,41.19940545,0.738080745540389
-109.3522149,41.19940545,0.272920511511615
-109.0335024,41.19940545,0.121141713145035
-108.71479,41.19940545,0.541799674265777
-108.3960775,41.19940545,0.705895862595219
-108.0773651,41.19940545,0.881145049154604
-107.7586526,41.19940545,0.413388388608787
-107.4399402,41.19940545,0.0807946394534838
-107.1212277,41.19940545,0.00339643575522817
-106.8025153,41.19940545,0.0067418369655784
-106.4838029,41.19940545,0.00411409625639081
-106.1650904,41.19940545,0.000447642370113316
-105.846378,41.19940545,0.00243299072346723
-105.5276655,41.19940545,0.000461622356086376
-105.2089531,41.19940545,1.29649639338687e-05
-121.0209316,40.95959909,0.00709233856038548
-120.7033799,40.95959909,0.0446237902966665
-120.3858281,40.95959909,0.0567139563342033
-120.0682764,40.95959909,0.058381727399513
-119.7507247,40.95959909,0.359096643721427
-119.433173,40.95959909,0.280824932416181
-119.1156212,40.95959909,0.21109110983182
-118.7980695,40.95959909,0.33614506078652
-118.4805178,40.95959909,0.399019254959815
-118.162966,40.95959909,0.418114921149117
-117.8454143,40.95959909,0.158850166910588
-117.5278626,40.95959909,0.122800670094225
-117.2103109,40.95959909,0.143932456252232
-116.8927591,40.95959909,0.0596573351799144
-116.5752074,40.95959909,0.040633762680582
-116.2576557,40.95959909,0.0157217150618413
-115.9401039,40.95959909,0.00607654698876583
-115.6225522,40.95959909,0.132857797854418
-115.3050005,40.95959909,0.0702095515270398
-114.9874488,40.95959909,0.198359940936047
-114.669897,40.95959909,0.195659278910657
-114.3523453,40.95959909,0.187658467334263
-114.0347936,40.95959909,0.0999650374299071
-113.7172418,40.95959909,0.0109734309871571
-113.3996901,40.95959909,0.0123897786666166
-113.0821384,40.95959909,0.0814804230065637
-112.7645867,40.95959909,0.0257747201494083
-112.1294832,40.95959909,0.000654572430462652
-110.8592763,40.95959909,0.0119649557703223
-110.5417246,40.95959909,0.00245520146437922
-110.2241728,40.95959909,0.0125250429046423
-109.9066211,40.95959909,0.0507673152161928
-109.5890694,40.95959909,0.195919412808834
-109.2715176,40.95959909,0.134360265691093
-108.9539659,40.95959909,0.0599792523547889
-108.6364142,40.95959909,0.49188035762991
-108.3188625,40.95959909,0.518457875848756
-108.0013107,40.95959909,0.263574392441751
-107.683759,40.95959909,0.193580357928778
-107.3662073,40.95959909,0.0147125757414669
-107.0486555,40.95959909,0.000450950311915792
-106.7311038,40.95959909,0.00134919126626837
-106.4135521,40.95959909,0.00127825334310434
-106.0960004,40.95959909,2.73141398465313e-05
-105.7784486,40.95959909,0.000283522912085157
-105.4608969,40.95959909,1.75325889170986e-05
-120.9002954,40.71979273,0.0024480372672817
-120.5838905,40.71979273,0.00969892575823862
-120.2674855,40.71979273,0.108597680239976
-119.9510805,40.71979273,0.216895643091088
-119.6346756,40.71979273,0.156960615994161
-119.3182706,40.71979273,0.344184957368472
-119.0018657,40.71979273,0.450227836252009
-118.6854607,40.71979273,0.577346642058843
-118.3690557,40.71979273,0.480907971967071
-118.0526508,40.71979273,0.196864684928561
-117.7362458,40.71979273,0.0863398960690336
-117.4198409,40.71979273,0.0679824916051453
-117.1034359,40.71979273,0.142814274136011
-116.787031,40.71979273,0.0701049636493813
-116.470626,40.71979273,0.0455136250369687
-116.154221,40.71979273,0.0186673764466238
-115.8378161,40.71979273,0.0788763719086244
-115.5214111,40.71979273,0.0504623909486647
-115.2050062,40.71979273,0.170053947778828
-114.8886012,40.71979273,0.264661275898876
-114.5721962,40.71979273,0.251902066767837
-114.2557913,40.71979273,0.210136691450882
-113.9393863,40.71979273,0.0485500889373722
-113.6229814,40.71979273,0.00223033535113983
-113.3065764,40.71979273,0.0281659806832109
-112.9901714,40.71979273,0.077869146721947
-112.6737665,40.71979273,0.0254786865293115
-112.3573615,40.71979273,0.00102411059082416
-112.0409566,40.71979273,2.01511293937061e-05
-109.5097169,40.71979273,0.0113141907979968
-109.1933119,40.71979273,0.00463565658399277
-108.876907,40.71979273,0.097798017730961
-108.560502,40.71979273,0.335115787054894
-108.2440971,40.71979273,0.532289497012594
-107.9276921,40.71979273,0.178529082152567
-107.6112872,40.71979273,0.056608867249755
-107.2948822,40.71979273,0.00168208986036459
-106.9784772,40.71979273,0.000317824598635066
-106.6620723,40.71979273,8.04601710761059e-05
-106.3456673,40.71979273,0.00258113872110137
-106.0292624,40.71979273,0.000516991821970329
-120.7826356,40.47998636,0.000694350671027505
-120.4673637,40.47998636,0.059167742235385
-120.1520917,40.47998636,0.266712073020128
-119.8368198,40.47998636,0.268221927196166
-119.5215478,40.47998636,0.324898994567803
-119.2062759,40.47998636,0.345256410128459
-118.8910039,40.47998636,0.487572543316365
-118.575732,40.47998636,0.419052624473229
-118.2604601,40.47998636,0.232511752129054
-117.9451881,40.47998636,0.230578131210168
-117.6299162,40.47998636,0.0725718591519174
-117.3146442,40.47998636,0.188488881750144
-116.9993723,40.47998636,0.133415127043723
-116.6841003,40.47998636,0.119031284169319
-116.3688284,40.47998636,0.0810244426047794
-116.0535564,40.47998636,0.0380321266808402
-115.7382845,40.47998636,0.130742497027163
-115.4230126,40.47998636,0.121550701411751
-115.1077406,40.47998636,0.342836656935741
-114.7924687,40.47998636,0.370025527546734
-114.4771967,40.47998636,0.331545645010576
-114.1619248,40.47998636,0.213232586334562
-113.8466528,40.47998636,0.0274741439489122
-113.5313809,40.47998636,0.00750184974290456
-113.2161089,40.47998636,0.0518991769337927
-112.900837,40.47998636,0.0830669029990838
-112.5855651,40.47998636,0.0299327735728048
-112.2702931,40.47998636,0.0105037805079955
-111.0092053,40.47998636,0.00076883767938515
-110.6939334,40.47998636,0.00428067216232164
-110.3786614,40.47998636,0.0142005149920648
-110.0633895,40.47998636,0.0138701477272864
-109.7481176,40.47998636,0.128649798775214
-109.4328456,40.47998636,0.124878608893412
-109.1175737,40.47998636,0.0838783739703121
-108.8023017,40.47998636,0.00163225083187834
-108.4870298,40.47998636,0.0497029322658311
-108.1717578,40.47998636,0.11966012024174
-107.8564859,40.47998636,0.0529791844363533
-107.5412139,40.47998636,0.00835002634746586
-107.225942,40.47998636,0.00234391692217696
-106.9106701,40.47998636,0.000442219801964036
-120.3537692,40.24018,0.0821512115077388
-120.0396167,40.24018,0.280582411844548
-119.7254642,40.24018,0.328880371180315
-119.4113117,40.24018,0.288451905874588
-119.0971592,40.24018,0.379268486728746
-118.7830067,40.24018,0.382678714490297
-118.4688542,40.24018,0.346926311760334
-118.1547017,40.24018,0.243174559444913
-117.8405492,40.24018,0.293568261943298
-117.5263967,40.24018,0.183396869014579
-117.2122442,40.24018,0.241250333543046
-116.8980917,40.24018,0.183451915658584
-116.5839392,40.24018,0.13606306202166
-116.2697867,40.24018,0.165644881302839
-115.9556342,40.24018,0.14761831646547
-115.6414817,40.24018,0.191907694794672
-115.3273292,40.24018,0.239862374479451
-115.0131767,40.24018,0.207559350045181
-114.6990242,40.24018,0.394659870934507
-114.3848717,40.24018,0.343954643876319
-114.0707192,40.24018,0.287075071459577
-113.7565667,40.24018,0.114833793867595
-113.4424142,40.24018,0.0615422842644277
-113.1282617,40.24018,0.0622901451990628
-112.8141092,40.24018,0.146399695343019
-112.4999567,40.24018,0.113916507437482
-112.1858042,40.24018,0.129795827562414
-111.8716517,40.24018,0.00329545386853448
-111.2433467,40.24018,0.00199120853532842
-110.9291942,40.24018,0.00563914454545139
-110.6150417,40.24018,0.0755752786283889
-110.3008892,40.24018,0.0837523036281259
-109.9867367,40.24018,0.1666779643114
-109.6725842,40.24018,0.314124700797278
-109.3584317,40.24018,0.572338993744061
-109.0442792,40.24018,0.354315421958798
-108.7301268,40.24018,0.0500011432137873
-108.4159743,40.24018,0.123181091672008
-108.1018218,40.24018,0.0141497450433858
-107.7876693,40.24018,0.00102068371452828
-107.4735168,40.24018,0.00179467871421838
-104.9602968,40.24018,6.82913649754267e-06
-120.2430775,40.00037364,0.0126192843018004
-119.9300311,40.00037364,0.201997744681617
-119.6169847,40.00037364,0.191538124454138
-119.3039382,40.00037364,0.303167430361872
-118.9908918,40.00037364,0.350864557105061
-118.6778453,40.00037364,0.231200531108832
-118.3647989,40.00037364,0.211563981517049
-118.0517525,40.00037364,0.309513887367804
-117.738706,40.00037364,0.385778020399671
-117.4256596,40.00037364,0.241342637506459
-117.1126131,40.00037364,0.211319610292927
-116.7995667,40.00037364,0.201518234704666
-116.4865203,40.00037364,0.12332511836023
-116.1734738,40.00037364,0.20644209231129
-115.8604274,40.00037364,0.125238540976091
-115.5473809,40.00037364,0.124939570765936
-115.2343345,40.00037364,0.198199503738617
-114.9212881,40.00037364,0.194616263597019
-114.6082416,40.00037364,0.142857300247333
-114.2951952,40.00037364,0.363516835722158
-113.9821487,40.00037364,0.23228383993514
-113.6691023,40.00037364,0.0897844587190478
-113.3560559,40.00037364,0.0511913650298878
-113.0430094,40.00037364,0.149552246419759
-112.729963,40.00037364,0.106113229734417
-112.4169165,40.00037364,0.0752129342900188
-112.1038701,40.00037364,0.0446069417860265
-111.7908237,40.00037364,0.0218698289202627
-110.5386379,40.00037364,0.0141895650244142
-110.2255915,40.00037364,0.458075143781823
-109.912545,40.00037364,0.625815803973884
-109.5994986,40.00037364,0.493476608271392
-109.2864521,40.00037364,0.364792430309312
-108.9734057,40.00037364,0.194115555110967
-108.6603593,40.00037364,0.0177818378750866
-108.3473128,40.00037364,0.0306662928700312
-108.0342664,40.00037364,0.0023374897824413
-107.7212199,40.00037364,0.00510376081202292
-107.0951271,40.00037364,7.12119574177802e-06
-105.2168484,40.00037364,0.000202709965686174
-104.903802,40.00037364,3.75753056986017e-05
-120.1352597,39.76056728,0.00332416976008993
-119.8233061,39.76056728,0.137857732180787
-119.5113525,39.76056728,0.222051269881687
-119.1993989,39.76056728,0.320373370636634
-118.8874453,39.76056728,0.193064092260961
-118.5754917,39.76056728,0.0483124333907295
-118.2635381,39.76056728,0.118838684963557
-117.9515845,39.76056728,0.202854473540522
-117.639631,39.76056728,0.291444841348319
-117.3276774,39.76056728,0.388189160506091
-117.0157238,39.76056728,0.174778262489647
-116.7037702,39.76056728,0.171771170399974
-116.3918166,39.76056728,0.085844187396866
-116.079863,39.76056728,0.0401248132980494
-115.7679094,39.76056728,0.109692614821104
-115.4559558,39.76056728,0.144485122483932
-115.1440023,39.76056728,0.168703720959539
-114.8320487,39.76056728,0.141215296714389
-114.5200951,39.76056728,0.251043158850663
-114.2081415,39.76056728,0.155894368040789
-113.8961879,39.76056728,0.123085818118777
-113.5842343,39.76056728,0.177331096248948
-113.2722807,39.76056728,0.121592997398127
-112.9603271,39.76056728,0.196212756988077
-112.6483736,39.76056728,0.2289495143592
-112.33642,39.76056728,0.224935125800387
-112.0244664,39.76056728,0.0432235620012923
-111.7125128,39.76056728,0.00298800709828658
-110.776652,39.76056728,0.0126898625246508
-110.1527449,39.76056728,0.0181205286305098
-109.8407913,39.76056728,0.173212771603146
-109.5288377,39.76056728,0.347669850726329
-109.2168841,39.76056728,0.25435314237121
-108.9049305,39.76056728,0.0294935448100485
-105.473441,39.76056728,0.000100231475043477
-105.1614875,39.76056728,9.53844442599898e-05
-104.8495339,39.76056728,0.000754652570793996
-119.7194135,39.52076092,0.0313766789917501
-119.4085398,39.52076092,0.116988803093371
-119.097666,39.52076092,0.171011780195135
-118.7867922,39.52076092,0.114448730132689
-118.4759185,39.52076092,0.174341783809322
-118.1650447,39.52076092,0.245447588566661
-117.8541709,39.52076092,0.196494803365024
-117.5432972,39.52076092,0.36881884463203
-117.2324234,39.52076092,0.290536885299128
-116.9215496,39.52076092,0.272357460663433
-116.6106759,39.52076092,0.307166276011787
-116.2998021,39.52076092,0.361755253606357
-115.9889283,39.52076092,0.114410146917165
-115.6780546,39.52076092,0.285990120423299
-115.3671808,39.52076092,0.273234165838286
-115.056307,39.52076092,0.155192810770045
-114.7454333,39.52076092,0.135564600449381
-114.4345595,39.52076092,0.147435728128183
-114.1236857,39.52076092,0.285771696498199
-113.812812,39.52076092,0.260901123940328
-113.5019382,39.52076092,0.176715996940394
-113.1910644,39.52076092,0.247527389243189
-112.8801907,39.52076092,0.156396289163778
-112.5693169,39.52076092,0.134488338878517
-112.2584431,39.52076092,0.0907267071280061
-111.9475694,39.52076092,0.0605378837866765
-111.6366956,39.52076092,0.0120208321331621
-111.3258219,39.52076092,0.00400825781225949
-111.0149481,39.52076092,0.0631176390425356
-110.7040743,39.52076092,0.159921395737089
-110.3932006,39.52076092,0.0786234990752962
-109.771453,39.52076092,0.00684010521371443
-109.4605793,39.52076092,0.0102722157250016
-109.1497055,39.52076092,0.00932025937838314
-107.9062104,39.52076092,0.000248020633172969
-107.2844629,39.52076092,2.45717224731477e-05
-105.1083465,39.52076092,1.54492896862451e-05
-104.7974728,39.52076092,2.20414979335278e-05
-119.9281327,39.28095456,0.00159150569826146
-119.6183259,39.28095456,0.0406773730140803
-119.3085191,39.28095456,0.203322474558876
-118.9987123,39.28095456,0.118724069006841
-118.6889055,39.28095456,0.0884382808788889
-118.3790987,39.28095456,0.118423614484186
-118.0692919,39.28095456,0.275606343704036
-117.7594851,39.28095456,0.256706891666151
-117.4496783,39.28095456,0.222102988644555
-117.1398715,39.28095456,0.222347674797234
-116.8300647,39.28095456,0.245220661466047
-116.5202579,39.28095456,0.17101601424549
-116.2104511,39.28095456,0.381998823727248
-115.9006443,39.28095456,0.221103057996028
-115.5908375,39.28095456,0.136826046196134
-115.2810307,39.28095456,0.169251684219546
-114.9712239,39.28095456,0.0710122370228313
-114.6614171,39.28095456,0.0562393232058189
-114.3516103,39.28095456,0.0729068580098133
-114.0418035,39.28095456,0.154566429421151
-113.7319967,39.28095456,0.192741795810265
-113.4221899,39.28095456,0.174735665387351
-113.1123831,39.28095456,0.147803283372569
-112.8025763,39.28095456,0.122918315370091
-112.4927695,39.28095456,0.0831507235799876
-112.1829627,39.28095456,0.0220806475959478
-111.8731559,39.28095456,0.0517475134305121
-111.5633491,39.28095456,0.00537554362510066
-111.2535423,39.28095456,0.00475972953984668
-110.9437355,39.28095456,0.0761607790111099
-110.6339287,39.28095456,0.150079651032698
-110.3241219,39.28095456,0.0816224594901249
-110.0143151,39.28095456,0.000498927323566044
-109.3947015,39.28095456,0.0529934432883743
-109.0848947,39.28095456,0.1544940396575
-108.7750879,39.28095456,0.319129397119171
-108.4652811,39.28095456,0.0103567095801067
-108.1554743,39.28095456,0.0033655444717849
-119.8287689,39.0411482,0.0748298797186149
-119.5200164,39.0411482,0.100866386823784
-119.2112639,39.0411482,0.152130771172004
-118.9025114,39.0411482,0.157193734754179
-118.5937588,39.0411482,0.149678098077
-118.2850063,39.0411482,0.130534565340252
-117.9762538,39.0411482,0.186947033129544
-117.6675013,39.0411482,0.256282989860653
-117.3587487,39.0411482,0.130621219103354
-117.0499962,39.0411482,0.126104733326853
-116.7412437,39.0411482,0.234025921081524
-116.4324911,39.0411482,0.188475723125793
-116.1237386,39.0411482,0.302394774825817
-115.8149861,39.0411482,0.292756069690109
-115.5062336,39.0411482,0.17180359441198
-115.197481,39.0411482,0.146907862532556
-114.8887285,39.0411482,0.0988402477004512
-114.579976,39.0411482,0.142038612082046
-114.2712235,39.0411482,0.101712837514812
-113.9624709,39.0411482,0.288270219336888
-113.6537184,39.0411482,0.128935695634321
-113.3449659,39.0411482,0.110136486885175
-113.0362133,39.0411482,0.133127426846653
-112.7274608,39.0411482,0.204910828836011
-112.4187083,39.0411482,0.0981204729370494
-112.1099558,39.0411482,0.0197418021972722
-111.8012032,39.0411482,0.016274661386999
-111.4924507,39.0411482,0.00344171183275354
-111.1836982,39.0411482,0.0405780702619772
-110.8749457,39.0411482,0.05662753733534
-110.5661931,39.0411482,0.0297575612766592
-110.2574406,39.0411482,0.0667525185784867
-109.9486881,39.0411482,0.0292915169314062
-109.6399356,39.0411482,0.0623396008046007
-109.331183,39.0411482,0.0775402732208978
-109.0224305,39.0411482,0.0568016230775965
-108.713678,39.0411482,0.0311046984913977
-108.4049254,39.0411482,0.0140461565562641
-108.0961729,39.0411482,0.00129177727475418
-119.7321694,38.80134183,0.0258134849566396
-119.4244587,38.80134183,0.107219740876412
-119.1167479,38.80134183,0.238749811583595
-118.8090371,38.80134183,0.0884598389112197
-118.5013263,38.80134183,0.124282824951994
-118.1936156,38.80134183,0.15147729055935
-117.8859048,38.80134183,0.238281995099511
-117.578194,38.80134183,0.164114307442715
-117.2704832,38.80134183,0.035313846327341
-116.9627725,38.80134183,0.164384187452402
-116.6550617,38.80134183,0.156410984501462
-116.3473509,38.80134183,0.202773515116899
-116.0396401,38.80134183,0.222402636788687
-115.7319294,38.80134183,0.260576777265453
-115.4242186,38.80134183,0.188397426129834
-115.1165078,38.80134183,0.129768947515234
-114.808797,38.80134183,0.0419898298806784
-114.5010863,38.80134183,0.182983391258419
-114.1933755,38.80134183,0.122859133530366
-113.8856647,38.80134183,0.200521419069722
-113.5779539,38.80134183,0.186106794607692
-113.2702432,38.80134183,0.109250788506641
-112.9625324,38.80134183,0.149331755113808
-112.6548216,38.80134183,0.1348327872912
-112.3471108,38.80134183,0.0245806653554515
-112.0394001,38.80134183,0.00018246554910082
-111.7316893,38.80134183,0.000565327582996671
-111.4239785,38.80134183,0.00943719997408749
-111.1162677,38.80134183,0.0184723133128588
-110.808557,38.80134183,0.0289855048777766
-110.5008462,38.80134183,0.0338207492630696
-110.1931354,38.80134183,0.0278253120670254
-109.8854246,38.80134183,0.0582180296549765
-109.5777139,38.80134183,0.0823578888243176
-109.2700031,38.80134183,0.0359466138124967
-108.9622923,38.80134183,0.00459572754195975
-108.6545815,38.80134183,0.00838411212646002
-108.3468708,38.80134183,0.0350617287132463
-108.03916,38.80134183,0.0173888341734291
-107.7314492,38.80134183,0.0138210010075465
-107.1160277,38.80134183,0.000188637976628748
-119.331627,38.56153547,0.0629140856497098
-119.0249456,38.56153547,0.114122430979021
-118.7182642,38.56153547,0.0630039639268287
-118.4115828,38.56153547,0.0457895858787736
-118.1049014,38.56153547,0.0922822154851806
-117.79822,38.56153547,0.269843502172775
-117.4915386,38.56153547,0.339960419709971
-117.1848573,38.56153547,0.134859044160657
-116.8781759,38.56153547,0.147902267721961
-116.5714945,38.56153547,0.113040346481314
-116.2648131,38.56153547,0.167504246515875
-115.9581317,38.56153547,0.174394949236172
-115.6514503,38.56153547,0.083998984551706
-115.344769,38.56153547,0.141877694575848
-115.0380876,38.56153547,0.168176360083829
-114.7314062,38.56153547,0.114420384255183
-114.4247248,38.56153547,0.184327259358123
-114.1180434,38.56153547,0.29168768814869
-113.811362,38.56153547,0.199938903078811
-113.5046807,38.56153547,0.121061438655077
-113.1979993,38.56153547,0.149028610742117
-112.8913179,38.56153547,0.104391094341309
-112.5846365,38.56153547,0.0694823272914008
-112.2779551,38.56153547,0.00400321153977274
-111.9712737,38.56153547,0.00357178254813363
-111.6645924,38.56153547,0.000270112151856146
-111.357911,38.56153547,0.00491094688289015
-111.0512296,38.56153547,0.0157221405640033
-110.7445482,38.56153547,0.0202937789941894
-110.4378668,38.56153547,0.053324390599344
-110.1311854,38.56153547,0.0268950563269746
-109.824504,38.56153547,0.0408072868612917
-109.5178227,38.56153547,0.00464207117138389
-109.2111413,38.56153547,0.00683453351446705
-108.9044599,38.56153547,0.0063844438750548
-108.5977785,38.56153547,0.000700135637462177
-108.2910971,38.56153547,0.0181076557899407
-107.9844157,38.56153547,0.0497025856851182
-107.6777344,38.56153547,0.0153799263338619
-107.371053,38.56153547,0.00579711700305683
-107.0643716,38.56153547,0.00440296780108713
-106.7576902,38.56153547,0.00209228706041433
-106.4510088,38.56153547,0.00012903653574653
-119.5471603,38.32172911,0.00167249261067455
-119.2414961,38.32172911,0.00693947348132883
-118.9358319,38.32172911,0.10306845911704
-118.6301678,38.32172911,0.112163065694694
-118.3245036,38.32172911,0.124589050961997
-118.0188394,38.32172911,0.106114025620536
-117.7131752,38.32172911,0.147140183063552
-117.407511,38.32172911,0.0918368842633915
-117.1018468,38.32172911,0.17503845842914
-116.7961826,38.32172911,0.139965245620823
-116.4905184,38.32172911,0.0691920876682548
-116.1848542,38.32172911,0.0966724375931511
-115.87919,38.32172911,0.109696171705465
-115.5735258,38.32172911,0.101453699564131
-115.2678616,38.32172911,0.169499999165651
-114.9621974,38.32172911,0.191124569179311
-114.6565332,38.32172911,0.117554384968596
-114.350869,38.32172911,0.0570326532399446
-114.0452048,38.32172911,0.0988936044663921
-113.7395407,38.32172911,0.140816865815747
-113.4338765,38.32172911,0.129348663406109
-113.1282123,38.32172911,0.158927565198913
-112.8225481,38.32172911,0.0812712664165985
-112.5168839,38.32172911,0.011817574631828
-112.2112197,38.32172911,0.016569784074345
-111.9055555,38.32172911,0.0267106659172972
-111.5998913,38.32172911,0.0246067108476837
-111.2942271,38.32172911,0.00191208502945095
-110.9885629,38.32172911,0.0373022148250276
-110.6828987,38.32172911,0.040707700840475
-110.3772345,38.32172911,0.0210510116274139
-110.0715703,38.32172911,0.00614060896215288
-109.7659061,38.32172911,0.0325783344036959
-109.4602419,38.32172911,0.092994329937894
-109.1545777,38.32172911,0.0415580598069382
-108.8489136,38.32172911,0.0371537226114241
-108.5432494,38.32172911,0.0308470496602831
-108.2375852,38.32172911,0.000260694061249878
-107.931921,38.32172911,0.0191136731031903
-107.6262568,38.32172911,0.00112095199099258
-107.3205926,38.32172911,0.00543723320645703
-107.0149284,38.32172911,0.00395598833722439
-106.7092642,38.32172911,0.00252696580788175
-106.4036,38.32172911,0.00227344474005909
-106.0979358,38.32172911,0.000267335554626607
-119.7633597,38.08192275,0.000881807327424231
-119.4587007,38.08192275,0.000274891453883878
-119.1540416,38.08192275,0.051844418969168
-118.8493826,38.08192275,0.254981446925993
-118.5447235,38.08192275,0.195473025132592
-118.2400645,38.08192275,0.114477426069147
-117.9354054,38.08192275,0.0638890845157581
-117.6307464,38.08192275,0.0330444263344508
-117.3260874,38.08192275,0.0643341157396595
-117.0214283,38.08192275,0.0893881158672331
-116.7167693,38.08192275,0.145248376912595
-116.4121102,38.08192275,0.170393630379396
-116.1074512,38.08192275,0.09445443246338
-115.8027921,38.08192275,0.0629791019794654
-115.4981331,38.08192275,0.0490969975840225
-115.193474,38.08192275,0.0386223744875288
-114.888815,38.08192275,0.107486953021565
-114.5841559,38.08192275,0.183953085001905
-114.2794969,38.08192275,0.0621217873863347
-113.9748378,38.08192275,0.0480314573062166
-113.6701788,38.08192275,0.0750136241540055
-113.3655197,38.08192275,0.159488600059615
-113.0608607,38.08192275,0.0975406371981527
-112.7562016,38.08192275,0.0350130386705869
-112.4515426,38.08192275,0.00329196803355413
-112.1468835,38.08192275,0.00154248165098602
-111.8422245,38.08192275,0.0104297966110655
-111.5375654,38.08192275,0.0225272045222118
-111.2329064,38.08192275,0.00438415850589308
-110.9282473,38.08192275,0.00338743595725808
-110.6235883,38.08192275,0.00861832735459442
-110.3189292,38.08192275,0.00515100520831244
-110.0142702,38.08192275,0.0163254295681281
-109.7096111,38.08192275,0.0150436846172236
-109.4049521,38.08192275,0.0933471475657593
-109.1002931,38.08192275,0.0735855207852481
-108.795634,38.08192275,0.0966328979952754
-108.490975,38.08192275,0.0957071519717896
-108.1863159,38.08192275,0.0174842714165895
-107.8816569,38.08192275,0.00780468339890311
-107.5769978,38.08192275,0.00023861399334434
-106.9676797,38.08192275,0.000877064455098351
-106.6630207,38.08192275,0.00185667761841727
-106.3583616,38.08192275,0.00368444083155748
-106.0537026,38.08192275,0.0295727715769572
-105.7490435,38.08192275,0.0096656134735008
-105.4443845,38.08192275,0.000372609546566793
-119.0692394,37.84211639,0.0433606365461132
-118.7655736,37.84211639,0.113009473001642
-118.4619078,37.84211639,0.0972191143120981
-118.158242,37.84211639,0.029654294422176
-117.8545762,37.84211639,0.032503048748555
-117.5509104,37.84211639,0.0491909094632314
-117.2472446,37.84211639,0.0885878657079237
-116.9435788,37.84211639,0.084229907390763
-116.639913,37.84211639,0.0437603509669665
-116.3362473,37.84211639,0.137544426166075
-116.0325815,37.84211639,0.127269833465246
-115.7289157,37.84211639,0.0938541039699565
-115.4252499,37.84211639,0.027259379222693
-115.1215841,37.84211639,0.018516477267881
-114.8179183,37.84211639,0.0275172941547436
-114.5142525,37.84211639,0.0225172868846921
-114.2105867,37.84211639,0.0754783884385024
-113.9069209,37.84211639,0.0764894581392869
-113.6032551,37.84211639,0.185543686300692
-113.2995893,37.84211639,0.166814402483658
-112.9959235,37.84211639,0.101750049180757
-112.6922577,37.84211639,0.0194089713709656
-112.3885919,37.84211639,0.0212103765952722
-112.0849261,37.84211639,0.00751572092738228
-111.7812604,37.84211639,0.00450851491361636
-111.4775946,37.84211639,0.00203932689024189
-111.1739288,37.84211639,0.00321436762043091
-110.870263,37.84211639,0.0039719253563759
-110.5665972,37.84211639,0.00220356008532992
-110.2629314,37.84211639,0.00311275207608403
-109.9592656,37.84211639,0.00372445054831871
-109.6555998,37.84211639,0.00641186344798695
-109.351934,37.84211639,0.0428812394708174
-109.0482682,37.84211639,0.107390350722174
-108.7446024,37.84211639,0.0203345877401581
-108.4409366,37.84211639,0.013886928392814
-108.1372708,37.84211639,0.00101797232301656
-107.2262734,37.84211639,0.000159049515336471
-106.6189419,37.84211639,0.00435349462105973
-106.3152761,37.84211639,0.00724917381038004
-106.0116103,37.84211639,0.0828109756561077
-105.7079445,37.84211639,0.189130934149633
-105.4042787,37.84211639,0.000785945689305507
-105.1006129,37.84211639,0.00107696514055439
-118.6843816,37.60231003,0.1401881587972
-118.3816973,37.60231003,0.0327728583891706
-118.0790131,37.60231003,0.0205398298625607
-117.7763288,37.60231003,0.0574528109057311
-117.4736445,37.60231003,0.0558727718018408
-117.1709602,37.60231003,0.06190944343816
-116.8682759,37.60231003,0.0796067879513283
-116.5655917,37.60231003,0.0739629804393412
-116.2629074,37.60231003,0.0770153122625943
-115.9602231,37.60231003,0.0642488423683044
-115.6575388,37.60231003,0.0127535711212166
-115.3548545,37.60231003,0.0116773168847265
-115.0521703,37.60231003,0.0167733491188749
-114.749486,37.60231003,0.0090800175792534
-114.4468017,37.60231003,0.00693172405836793
-114.1441174,37.60231003,0.0155624682011325
-113.8414332,37.60231003,0.0127839468308215
-113.5387489,37.60231003,0.0296485840499222
-113.2360646,37.60231003,0.0109159792251677
-112.9333803,37.60231003,0.000342227554994661
-112.630696,37.60231003,0.000545864769282716
-112.3280118,37.60231003,0.00419763047551742
-112.0253275,37.60231003,0.0172892412426721
-111.7226432,37.60231003,0.00391512153406528
-111.4199589,37.60231003,0.0400443913739077
-111.1172746,37.60231003,0.00711342804517519
-110.8145904,37.60231003,0.00120363627026739
-110.5119061,37.60231003,0.00269141935768821
-110.2092218,37.60231003,0.00635459465716893
-109.9065375,37.60231003,0.0171218125688906
-109.6038532,37.60231003,0.0306195814128591
-109.301169,37.60231003,0.0644838416696679
-108.9984847,37.60231003,0.0684297026589382
-108.6958004,37.60231003,0.0649532038963658
-108.3931161,37.60231003,0.00593962782795157
-107.182379,37.60231003,0.000207980384861219
-106.8796947,37.60231003,0.000121001165070958
-106.2743262,37.60231003,0.0374205594091975
-105.9716419,37.60231003,0.04693716031098
-105.6689576,37.60231003,0.223262547484646
-105.3662733,37.60231003,0.0184524478145618
-105.0635891,37.60231003,5.94449225783714e-05
-118.9074982,37.36250367,0.000832921155794323
-118.6057838,37.36250367,0.0107124925512846
-118.3040695,37.36250367,0.0189557991720477
-118.0023551,37.36250367,0.00785364729607428
-117.7006407,37.36250367,0.00968560867752774
-117.3989264,37.36250367,0.0285119652029427
-117.097212,37.36250367,0.0340703045346826
-116.7954977,37.36250367,0.0447491655150413
-116.4937833,37.36250367,0.0256565970226565
-116.1920689,37.36250367,0.00362783222736926
-115.8903546,37.36250367,0.00247351037418829
-115.5886402,37.36250367,0.000685676279935884
-115.2869259,37.36250367,0.000595464840938789
-114.9852115,37.36250367,0.000705510926562459
-114.6834972,37.36250367,0.00204732708747596
-114.3817828,37.36250367,7.24264960884292e-05
-114.0800684,37.36250367,0.00231910158616449
-113.7783541,37.36250367,0.00124471628018192
-113.1749254,37.36250367,0.00103499992129631
-112.873211,37.36250367,0.00325650610691917
-112.5714967,37.36250367,0.00491544842348562
-112.2697823,37.36250367,0.00995728082217907
-111.9680679,37.36250367,0.0150910449003036
-111.6663536,37.36250367,0.0429555846713966
-111.3646392,37.36250367,0.0172124013513419
-111.0629249,37.36250367,0.0207511487439263
-110.7612105,37.36250367,0.00161495759590493
-110.4594961,37.36250367,0.00412611619547153
-110.1577818,37.36250367,0.00907759314477288
-109.8560674,37.36250367,0.0286922081923294
-109.5543531,37.36250367,0.00832326660000543
-109.2526387,37.36250367,0.0249611072063829
-108.9509244,37.36250367,0.0339064067327439
-108.64921,37.36250367,0.0322869112242017
-108.3474956,37.36250367,0.0197891155047295
-108.0457813,37.36250367,0.000449715554947579
-106.2354951,37.36250367,0.0500116179354626
-105.9337808,37.36250367,0.0698188671219362
-105.6320664,37.36250367,0.201562679388874
-105.3303521,37.36250367,0.0291108489551328
-104.7269233,37.36250367,5.45398247776491e-05
-118.5297578,37.1226973,0.00252053987667073
-118.229002,37.1226973,0.00770055402093276
-117.9282461,37.1226973,0.0144286027863434
-117.6274902,37.1226973,0.000625741193081944
-117.3267343,37.1226973,0.0125119706102719
-117.0259784,37.1226973,0.00538232327426312
-116.7252225,37.1226973,0.00413297358149187
-116.4244666,37.1226973,0.00212693429600767
-116.1237108,37.1226973,0.000542864784819357
-115.8229549,37.1226973,0.000111162419193784
-115.2214431,37.1226973,0.000146988120351533
-113.7176637,37.1226973,0.000273145564090297
-113.4169078,37.1226973,0.00616578620373465
-113.1161519,37.1226973,0.0153517541295334
-112.815396,37.1226973,0.0349842059339816
-112.5146401,37.1226973,0.0508274385764201
-112.2138843,37.1226973,0.0827004065267137
-111.9131284,37.1226973,0.0449332760075825
-111.6123725,37.1226973,0.00930479211911508
-111.3116166,37.1226973,0.00398048660067091
-111.0108607,37.1226973,0.00619313400271217
-110.7101048,37.1226973,0.0187732033091396
-110.409349,37.1226973,0.00849359176234379
-110.1085931,37.1226973,0.0178643063535621
-109.8078372,37.1226973,0.00547239827550965
-109.5070813,37.1226973,0.0114652436370319
-109.2063254,37.1226973,0.00431595455934601
-108.9055695,37.1226973,0.0186779674510952
-108.6048136,37.1226973,0.0145153930997438
-108.3040578,37.1226973,0.0815669774969467
-108.0033019,37.1226973,0.0337764979709287
-107.702546,37.1226973,0.00577267304310393
-107.1010342,37.1226973,8.24464045330248e-05
-106.4995225,37.1226973,0.00055878938089213
-106.1987666,37.1226973,0.0563502247866376
-105.8980107,37.1226973,0.160899221484241
-105.5972548,37.1226973,0.110670515130859
-105.2964989,37.1226973,0.019063583885801
-104.995743,37.1226973,6.59115211161083e-05
-104.6949871,37.1226973,0.000114096766983262
-118.4562819,36.88289094,8.08702765173192e-05
-118.1564732,36.88289094,0.000677476107446691
-117.5568557,36.88289094,0.00431918829721506
-113.6593424,36.88289094,0.00290487300486232
-113.3595337,36.88289094,0.0125346827939442
-113.059725,36.88289094,0.101112880622084
-112.7599162,36.88289094,0.0474059386340292
-112.4601075,36.88289094,0.136491114678406
-112.1602988,36.88289094,0.137719092643445
-111.8604901,36.88289094,0.0621979035292665
-111.5606814,36.88289094,0.0125777309077275
-111.2608727,36.88289094,0.00794297355592569
-110.9610639,36.88289094,0.00407536158548516
-110.6612552,36.88289094,0.0339223444119262
-110.3614465,36.88289094,0.0162184392209256
-110.0616378,36.88289094,0.00620751853791063
-109.7618291,36.88289094,0.0243240496328496
-109.4620204,36.88289094,0.0118772912829405
-109.1622116,36.88289094,0.00429840712034209
-108.8624029,36.88289094,0.00550960363321976
-108.5625942,36.88289094,0.011235978711076
-108.2627855,36.88289094,0.0228214096590016
-107.9629768,36.88289094,0.0586253173227686
-107.6631681,36.88289094,0.0207487412808837
-107.3633593,36.88289094,0.0135439407853468
-107.0635506,36.88289094,0.0040668167466083
-106.7637419,36.88289094,0.0137698873837457
-106.4639332,36.88289094,0.000924974939173825
-106.1641245,36.88289094,0.019616678993619
-105.8643158,36.88289094,0.177205707682446
-105.564507,36.88289094,0.0718060583407898
-105.2646983,36.88289094,0.00268548909804946
-104.9648896,36.88289094,0.00201050129989669
-104.6650809,36.88289094,9.33592529786741e-05
-118.3853346,36.64308458,0.000136103361067077
-118.0864618,36.64308458,0.00572059241709258
-117.7875891,36.64308458,0.00352938225942748
-117.4887164,36.64308458,6.00600772779299e-05
-113.9022438,36.64308458,3.52124957741124e-05
-113.6033711,36.64308458,0.00748892228842563
-113.3044984,36.64308458,0.0125132599865742
-113.0056257,36.64308458,0.026450232113918
-112.706753,36.64308458,0.0324582390186434
-112.4078803,36.64308458,0.0222024172210266
-112.1090075,36.64308458,0.0122549072951465
-111.8101348,36.64308458,0.0164818644853313
-111.5112621,36.64308458,0.00886075603439378
-111.2123894,36.64308458,0.0248425031626048
-110.9135167,36.64308458,0.0707795022547469
-110.614644,36.64308458,0.022053230208091
-110.3157713,36.64308458,0.00662474929172337
-110.0168985,36.64308458,0.010888226774309
-109.7180258,36.64308458,0.00690362418058406
-109.4191531,36.64308458,0.0103406398333013
-109.1202804,36.64308458,0.0135517328821835
-108.8214077,36.64308458,0.0034411925259518
-108.522535,36.64308458,0.0113627325969702
-108.2236622,36.64308458,0.0217666085286492
-107.9247895,36.64308458,0.011279807113845
-107.6259168,36.64308458,0.0360955219708406
-107.3270441,36.64308458,0.0438513364715212
-107.0281714,36.64308458,0.0306576876678483
-106.7292987,36.64308458,0.0334704594229312
-106.430426,36.64308458,0.00274238245954249
-106.1315532,36.64308458,0.00830884733315076
-105.8326805,36.64308458,0.0430585445097037
-105.5338078,36.64308458,0.00422898943076083
-105.2349351,36.64308458,0.00124403986757068
-104.9360624,36.64308458,0.00407889466758508
-104.6371897,36.64308458,0.000554437305159832
-117.7209996,36.40327822,0.000806226105380324
-117.4230518,36.40327822,0.00212903391103009
-115.3374176,36.40327822,2.30959414491116e-05
-113.5497312,36.40327822,0.000328736220886676
-113.2517834,36.40327822,0.00057256213458747
-112.9538357,36.40327822,0.0202349591167722
-112.6558879,36.40327822,0.0321347577461683
-112.3579402,36.40327822,0.000746967328190442
-112.0599925,36.40327822,0.0088695386018728
-111.7620447,36.40327822,0.0384643417702697
-111.464097,36.40327822,0.0133218145305887
-111.1661492,36.40327822,0.00982959898787145
-110.8682015,36.40327822,0.0203837170927298
-110.5702537,36.40327822,0.0296524403217739
-110.272306,36.40327822,0.0186170257708305
-109.9743583,36.40327822,0.00193300191720805
-109.6764105,36.40327822,0.0030322425844966
-109.3784628,36.40327822,0.019412600419798
-109.080515,36.40327822,0.000819361752978674
-108.7825673,36.40327822,0.000995365198209685
-108.4846195,36.40327822,0.00157321915284542
-108.1866718,36.40327822,0.00724478523835316
-107.8887241,36.40327822,0.0453008068291898
-107.5907763,36.40327822,0.0464843834241812
-107.2928286,36.40327822,0.0776341045741835
-106.9948808,36.40327822,0.0210367277553263
-106.6969331,36.40327822,0.02155681416535
-106.3989853,36.40327822,0.0426708916527077
-106.1010376,36.40327822,0.0222800520545282
-105.8030898,36.40327822,0.0581094307882797
-105.5051421,36.40327822,0.0281224789687565
-105.2071944,36.40327822,0.000347256402246369
-104.9092466,36.40327822,0.000624980030967591
-117.6568756,36.16347186,0.0002579734622738
-112.6073033,36.16347186,0.007331074904839
-112.3102696,36.16347186,0.00399149773855121
-112.013236,36.16347186,0.000345086327200449
-111.7162023,36.16347186,0.00568880354602324
-111.4191686,36.16347186,0.00299308282966726
-111.122135,36.16347186,0.0134782352137382
-110.8251013,36.16347186,0.019791838170696
-110.5280676,36.16347186,0.0411505443383436
-110.231034,36.16347186,0.0202022374623881
-109.9340003,36.16347186,0.00437973402168122
-109.6369666,36.16347186,0.0011949801759124
-109.339933,36.16347186,0.00454327011694566
-109.0428993,36.16347186,0.00271800671238997
-108.7458656,36.16347186,0.000746918287760784
-108.448832,36.16347186,0.0004773393440244
-108.1517983,36.16347186,0.00227565606442436
-107.8547646,36.16347186,0.0100369097779648
-107.557731,36.16347186,0.0438133187448197
-107.2606973,36.16347186,0.0873863113860745
-106.9636637,36.16347186,0.0335660100297547
-106.66663,36.16347186,0.00679378660733521
-106.3695963,36.16347186,0.0118827363456587
-106.0725627,36.16347186,0.0113366989910004
-105.775529,36.16347186,0.00885510594500344
-105.4784953,36.16347186,0.000408609741545442
-105.1814617,36.16347186,0.000541475046802335
-104.884428,36.16347186,8.67863907934133e-05
-112.2648513,35.9236655,0.00186102857634765
-111.9687209,35.9236655,0.00162977222272558
-111.6725906,35.9236655,0.00539142436852427
-111.3764602,35.9236655,0.000745806904684166
-111.0803299,35.9236655,0.000847783238069187
-110.7841995,35.9236655,0.00563018739319932
-110.4880692,35.9236655,0.0239496027992596
-110.1919388,35.9236655,0.020871130657909
-109.8958085,35.9236655,0.00300889352742501
-109.5996781,35.9236655,0.000370757057409632
-109.3035478,35.9236655,0.00273497166559154
-109.0074174,35.9236655,0.00279178435210377
-108.7112871,35.9236655,0.000662524750608698
-108.4151567,35.9236655,0.000581290544999847
-108.1190264,35.9236655,0.00237231378501725
-107.822896,35.9236655,0.00969821594403141
-107.5267657,35.9236655,0.026531744503056
-107.2306353,35.9236655,0.0486234549375002
-106.934505,35.9236655,0.0212391921249127
-106.6383746,35.9236655,0.00122385688460741
-106.3422442,35.9236655,0.000648067949075586
-106.0461139,35.9236655,0.00157820567762993
-105.7499835,35.9236655,0.000394844139265091
-105.4538532,35.9236655,0.000184684846466453
-105.1577228,35.9236655,0.000487561437232366
-111.6311929,35.68385914,0.00229133696798131
-111.3359552,35.68385914,8.60905672216343e-05
-110.4502422,35.68385914,0.000288485136133282
-110.1550045,35.68385914,0.0015572634191036
-109.8597669,35.68385914,0.000811368409625206
-109.5645292,35.68385914,0.000522106989413803
-109.2692915,35.68385914,0.00121308619455087
-108.9740538,35.68385914,0.00125818689385106
-108.6788162,35.68385914,0.00138475822622755
-108.3835785,35.68385914,0.0012652081203952
-108.0883408,35.68385914,0.00135895720461946
-107.7931032,35.68385914,0.00346310353652353
-107.4978655,35.68385914,0.00477620642184225
-107.2026278,35.68385914,0.0024469367023019
-106.9073901,35.68385914,0.00632692670679554
-106.6121525,35.68385914,0.000907058116726984
-106.3169148,35.68385914,0.00383134380186891
-106.0216771,35.68385914,0.00235430128145577
-105.7264395,35.68385914,0.000194665530602339
-105.4312018,35.68385914,3.31073262844957e-05
-107.471016,35.44405277,5.58333891216981e-05
-107.1766605,35.44405277,6.76986795707661e-05
-106.882305,35.44405277,0.000233394205587985
-106.293594,35.44405277,0.000111705725936046
